name,open_date,close_date,buy_price,sell_price,pnl,commission
913323573,2018-09-12 09:32:00,2018-09-14 09:35:00,285.65,279.56,-8982.749999999964,0.29500000000000004
913323368,2018-09-12 09:32:00,2018-09-17 09:32:00,348.11,339.6548,-18373.14959999998,0.43460000000000004
913323916,2018-09-12 09:32:00,2018-09-17 09:33:00,75.255,76.57,8199.024999999985,1.247
913255610,2018-09-13 13:31:00,2018-09-17 09:52:00,91.99,91.91,-950.0799999999797,2.3752
913257170,2018-09-14 09:32:00,2018-09-17 10:50:00,27.9,27.79,-1306.1399999999933,2.3748
913255699,2018-09-12 09:32:00,2018-09-17 14:58:00,123.46,120.36,-8540.499999999984,0.551
913256187,2018-09-12 09:32:00,2018-09-17 15:15:00,150.355,147.55,-10050.314999999922,0.7166
913256186,2018-09-12 09:32:00,2018-09-17 15:34:00,186.79,184.05,-4589.499999999967,0.335
913323457,2018-09-12 09:32:00,2018-09-18 09:54:00,68.71,70.25,12229.14000000005,1.5882
913256311,2018-09-12 09:32:00,2018-09-19 09:32:00,66.68,52.225,-39794.61500000001,0.5506
913323516,2018-09-14 09:32:00,2018-09-19 09:37:00,7.195,7.05,-4879.540000000015,6.7304
913254465,2018-09-12 09:32:00,2018-09-19 10:13:00,146.27,140.93,-27698.580000000016,1.0374
913256965,2018-09-12 09:32:00,2018-09-19 10:18:00,117.425,117.04,-1616.2299999999618,0.8396
913323444,2018-09-14 09:32:00,2018-09-19 10:52:00,74.61,73.67,-2954.419999999993,0.6286
913324210,2018-09-12 09:32:00,2018-09-19 11:25:00,120.72,120.3,-1741.740000000007,0.8294
913324581,2018-09-12 09:32:00,2018-09-19 11:36:00,48.74,47.3,-22155.840000000073,3.0772
913256365,2018-09-12 09:32:00,2018-09-19 12:11:00,215.14,210.66,-7477.119999999983,0.33380000000000004
913256419,2018-09-18 09:32:00,2018-09-20 09:46:00,34.37,33.9387,-27134.376900000014,12.582600000000001
913323312,2018-09-19 09:32:00,2018-09-21 09:32:00,27.280000000000005,27.99,37859.32999999967,10.6646
913256281,2018-09-14 09:32:00,2018-09-21 13:05:00,99.47,97.79,-4110.959999999982,0.4894
913255758,2018-09-14 09:32:00,2018-09-24 10:58:00,89.835,87.77,-2007.1799999999978,0.19440000000000002
913323558,2018-09-26 09:32:00,2018-09-28 09:32:00,90.55,89.705,-68306.41999999991,16.1672
913256616,2018-09-12 09:32:00,2018-10-01 09:50:00,146.045,136.02,-22265.52499999995,0.44420000000000004
913257106,2018-09-12 09:32:00,2018-10-02 15:01:00,98.3,97.04,-9651.59999999993,1.532
913323467,2018-09-12 09:32:00,2018-10-04 09:34:00,153.72,160.19,10604.329999999998,0.32780000000000004
913323930,2018-10-03 09:32:00,2018-10-04 09:38:00,352.575,344.72,-183901.2599999991,4.6824
913256422,2018-09-19 09:32:00,2018-10-05 09:42:00,130.46,125.96,-39352.500000000124,1.749
913256171,2018-10-04 09:32:00,2018-10-05 12:28:00,136.435,131.145,-4464.759999999993,0.1688
913257070,2018-10-05 09:37:00,2018-10-08 09:32:00,115.16,112.59,-184037.69999999952,14.322000000000001
913324581,2018-10-18 09:32:00,2018-10-23 10:59:00,48.35,48.83,91998.2399999994,38.3326
913256281,2018-11-07 12:52:00,2018-11-09 09:51:00,99.03,96.17,-2442.4399999999996,0.1708
913256260,2018-11-05 09:32:00,2018-11-09 14:00:00,45.22,45.8611,132463.44090000034,41.3238
913257399,2018-11-14 09:32:00,2018-11-15 09:32:00,93.83289999999998,91.205,-265378.48149999825,20.197000000000003
913323368,2018-11-16 09:32:00,2018-11-20 09:32:00,343.3450000000001,345.04,45542.95499999829,5.3738
913323573,2018-11-19 09:32:00,2018-11-20 09:32:00,319.16,302.342,-2236.7940000000053,0.026600000000000002
913256186,2018-11-21 09:33:00,2018-11-21 09:37:00,155.26,151.785,-102283.14999999983,5.8868
913324210,2018-11-19 09:32:00,2018-11-21 09:41:00,123.89000000000001,120.27,-1469.7200000000075,0.08120000000000001
913256186,2018-11-21 09:40:00,2018-11-21 09:42:00,153.86,151.22,-77088.00000000044,5.84
913256955,2018-11-26 09:32:00,2018-11-27 09:34:00,75.34,74.15,-704.4799999999987,0.1184
913324169,2018-11-30 09:32:00,2018-12-04 09:34:00,55.14,56.66,381.519999999999,0.0502
913323461,2018-12-04 09:32:00,2018-12-04 09:44:00,158.24,156.29,-13.65000000000012,0.0014
913256878,2018-12-04 09:32:00,2018-12-04 09:53:00,68.39,67.55,-32.76000000000013,0.0078000000000000005
913323461,2018-12-04 09:45:00,2018-12-04 10:02:00,156.2,154.215,-31.759999999999764,0.0032
913256878,2018-12-04 09:54:00,2018-12-04 10:24:00,67.46,66.57,-78.32000000000005,0.0176
913256965,2018-11-30 09:35:00,2018-12-04 12:30:00,110.73,111.0,28.079999999999586,0.020800000000000003
913323467,2018-12-03 09:32:00,2018-12-04 13:39:00,138.14,131.89,-531.25,0.017
913323916,2018-11-23 09:32:00,2018-12-04 15:57:00,85.83,91.27,576242.8799999998,21.1854
913256714,2018-12-04 09:32:00,2018-12-06 09:32:00,58.19,55.05,-109.90000000000002,0.007
950052670,2018-12-06 10:17:00,2018-12-06 10:30:00,41.64,41.3,-5959.180000000059,3.5054000000000003
950052670,2018-12-06 12:44:00,2018-12-06 13:21:00,41.48,41.1,-6648.859999999921,3.4994
950052670,2018-12-07 09:32:00,2018-12-07 09:33:00,42.79,42.58,-2122.4700000000084,2.0214000000000003
950052670,2018-12-07 09:34:00,2018-12-07 09:37:00,42.2739,41.702,-5064.174499999995,1.7710000000000001
913323467,2018-12-07 09:32:00,2018-12-07 10:24:00,135.58,124.59,-29683.990000000023,0.5402
913256878,2018-12-07 09:41:00,2018-12-07 10:37:00,65.93,65.04,-16366.21000000001,3.6778
913323516,2018-12-06 09:57:00,2018-12-07 12:01:00,6.171,6.26,31099.091999999833,69.8856
913323916,2018-12-07 09:32:00,2018-12-10 11:08:00,88.88,86.27,-20112.659999999996,1.5412000000000001
913255699,2018-12-10 09:32:00,2018-12-11 11:03:00,105.65999999999998,106.34,3658.4000000001133,1.076
913256162,2018-12-11 09:38:00,2018-12-12 09:32:00,35.255,34.35,-8367.63000000001,1.8492000000000002
913256773,2018-12-11 09:32:00,2018-12-12 14:44:00,57.58,57.23,-19967.850000000082,11.4102
913256422,2018-12-10 14:10:00,2018-12-13 12:03:00,119.44,118.43,-8753.669999999922,1.7334
913256450,2018-11-26 09:32:00,2018-12-17 09:32:00,56.255,53.77,-1943.2699999999995,0.1564
913324581,2018-12-10 09:32:00,2018-12-17 10:29:00,53.27,52.775,-11650.815000000108,4.7074
913256955,2018-12-11 09:34:00,2018-12-17 15:32:00,73.64,70.93,-9064.949999999979,0.669
913323916,2019-01-10 09:32:00,2019-01-11 09:32:00,88.52,89.72,1.2000000000000028,0.0002
913256773,2019-01-14 09:32:00,2019-01-16 10:53:00,54.04,54.28,0.240000000000002,0.0002
913323461,2019-01-11 09:32:00,2019-01-17 09:40:00,143.5,137.2,-6.300000000000011,0.0002
913257399,2019-01-10 09:32:00,2019-01-22 12:28:00,92.4946,92.98,0.4853999999999985,0.0002
913324169,2019-01-10 09:32:00,2019-01-22 13:04:00,50.88,51.94,2.1199999999999903,0.0004
913256419,2019-01-22 13:05:00,2019-01-23 09:32:00,32.79,33.2553,0.46529999999999916,0.0002
913254235,2019-01-22 13:05:00,2019-01-28 09:32:00,20.0307,20.605,0.5743000000000009,0.0002
913256171,2019-01-07 10:19:00,2019-01-28 09:55:00,107.25,117.11,878299.22,17.8154
913324210,2019-01-10 09:32:00,2019-01-28 11:56:00,111.46,115.41,3.950000000000003,0.0002
913256616,2019-01-28 09:56:00,2019-01-29 09:32:00,140.54,141.44,2494.8000000000156,0.5544
913256878,2019-01-28 09:56:00,2019-01-31 09:32:00,80.01,79.83,-2625.6600000000994,2.9174
913323467,2019-01-28 09:56:00,2019-01-31 09:32:00,149.2504,146.61,-5378.4947999999995,0.40740000000000004
913256407,2019-01-30 09:32:00,2019-01-31 09:32:00,96.48,95.965,-1257.6300000000015,0.4884
950052670,2019-01-31 09:33:00,2019-02-01 09:32:00,49.46,48.75,-13454.500000000016,3.79
913323444,2019-01-10 09:32:00,2019-02-01 09:32:00,66.3153,71.28,9.929400000000015,0.0004
913257070,2019-01-28 09:56:00,2019-02-04 10:01:00,89.46,88.89,-6256.889999999925,2.1954000000000002
913256162,2019-01-10 09:32:00,2019-02-05 09:32:00,33.91,38.68,23.850000000000016,0.001
913256858,2019-01-31 09:33:00,2019-02-07 09:32:00,207.8467,206.665,-4252.938300000023,0.7198
913256171,2019-02-06 09:32:00,2019-02-07 09:32:00,122.8,119.24,-110.36000000000007,0.006200000000000001
950052670,2019-02-06 09:32:00,2019-02-07 09:32:00,52.3,50.735,-20.34499999999997,0.0026000000000000003
913256878,2019-02-06 09:32:00,2019-02-07 09:32:00,81.52,80.7,-22.139999999999816,0.0054
913323444,2019-02-06 09:32:00,2019-02-07 09:32:00,73.485,73.04,-8.899999999999864,0.004
913323461,2019-02-06 09:32:00,2019-02-07 09:32:00,175.69,174.52,-5.8499999999999375,0.001
913255610,2019-01-28 09:56:00,2019-02-07 09:32:00,83.88999999999999,87.5,48738.61000000018,2.7002
913257106,2019-01-28 09:56:00,2019-02-07 09:32:00,91.4034,91.66,2554.9661999999175,1.9914
913256955,2019-01-30 09:32:00,2019-02-07 09:32:00,80.2,87.2,12950.0,0.37
913323558,2019-02-05 09:32:00,2019-02-07 09:32:00,75.24,83.7155,109740.77400000014,2.5896000000000003
913256187,2019-01-28 09:56:00,2019-02-07 09:37:00,139.21,150.5799,53108.8029,0.9342
913256450,2019-01-28 09:56:00,2019-02-07 11:35:00,58.57000000000001,60.48,18234.7699999999,1.9094
913323312,2019-02-08 09:32:00,2019-02-11 14:46:00,24.32,23.295,-31882.624999999956,6.221
913257170,2019-02-07 09:33:00,2019-02-11 14:50:00,25.09,24.19,-145211.39999999976,32.269200000000005
913256714,2019-02-13 09:32:00,2019-02-13 10:00:00,58.87,57.58,-741.7499999999995,0.115
913256714,2019-02-13 10:01:00,2019-02-13 10:30:00,57.54999999999999,56.34,-525.1399999999942,0.0868
913256773,2019-02-12 09:32:00,2019-02-14 09:32:00,58.300000000000004,58.2,-7386.900000000105,14.773800000000001
913323573,2019-01-28 09:56:00,2019-02-19 09:32:00,287.04,301.36,25446.63999999999,0.3554
913323368,2019-02-19 09:32:00,2019-02-20 09:32:00,391.39,382.2,-983.3299999999997,0.021400000000000002
913256311,2019-01-28 09:56:00,2019-02-20 09:36:00,49.69,53.13,15287.36000000002,0.8888
913256407,2019-02-01 09:33:00,2019-02-21 14:48:00,97.3046,98.03,6945.705000000073,1.915
913256422,2019-02-15 09:32:00,2019-02-25 12:31:00,127.3103,125.97,-44814.27079999997,6.687200000000001
913324169,2019-02-21 09:32:00,2019-02-27 09:32:00,55.87,54.75,-16175.039999999963,2.8884000000000003
913324101,2019-02-22 09:32:00,2019-02-27 09:52:00,47.96,50.08,41361.19999999995,3.902
913255758,2019-02-13 09:32:00,2019-02-28 12:02:00,92.85,93.9,127.05000000000138,0.024200000000000003
913255699,2019-01-30 09:32:00,2019-03-01 09:49:00,119.81000000000002,135.21,13798.399999999992,0.1792
913323457,2019-01-28 09:56:00,2019-03-01 10:23:00,61.56,67.57,64300.9899999999,2.1398
913323916,2019-03-04 09:32:00,2019-03-04 10:32:00,126.63000000000001,123.24,-41313.93000000018,2.4374000000000002
913323916,2019-03-04 10:33:00,2019-03-04 11:46:00,123.3859,120.22,-39263.4918000001,2.4804
913256186,2019-01-28 09:56:00,2019-03-04 11:58:00,159.46,178.48,45058.379999999954,0.4738
913256164,2019-02-12 09:32:00,2019-03-04 12:19:00,246.92,253.51,7354.440000000004,0.2232
913257399,2019-03-01 09:32:00,2019-03-05 14:33:00,116.95,115.57,-16987.80000000012,2.462
913256396,2019-02-11 09:32:00,2019-03-06 09:32:00,106.21,104.65,-187.19999999999857,0.024
913256419,2019-02-06 09:32:00,2019-03-06 09:56:00,35.08,36.9507,97.27639999999997,0.010400000000000001
913256365,2019-01-28 09:56:00,2019-03-06 10:24:00,182.49,204.0,51129.269999999975,0.47540000000000004
913323916,2019-03-05 09:32:00,2019-03-06 10:33:00,122.52,121.24,-17963.520000000015,2.8068
913323680,2019-01-28 09:56:00,2019-03-07 09:53:00,164.8,175.96,33959.87999999999,0.6086
913323573,2019-03-07 09:32:00,2019-03-07 13:11:00,312.51,306.095,-14606.954999999918,0.4554
913323483,2019-01-28 09:56:00,2019-03-08 09:32:00,91.83,101.93,37016.50000000003,0.733
913323444,2019-02-08 09:32:00,2019-03-08 09:32:00,73.2236,75.57,17799.790399999914,1.5172
913323930,2019-03-07 09:32:00,2019-03-08 09:32:00,460.01000000000005,440.875,-16303.02000000004,0.1704
913323573,2019-03-07 13:12:00,2019-03-08 09:32:00,305.98,297.3516,-11165.149599999999,0.25880000000000003
913256714,2019-02-14 09:32:00,2019-03-08 09:33:00,56.71,54.98,-998.2100000000023,0.1154
913324581,2019-01-28 09:56:00,2019-03-18 11:28:00,50.625,56.1,97893.00000000003,3.576
913256365,2019-03-07 09:32:00,2019-03-22 09:32:00,202.81000000000003,202.6,-624.9600000001083,0.5952000000000001
913323461,2019-03-20 09:32:00,2019-03-22 10:50:00,180.255,180.68,837.6750000000225,0.3942
913255758,2019-03-20 09:32:00,2019-03-22 11:17:00,97.55,97.16,-847.0800000000013,0.4344
913256260,2019-01-28 09:56:00,2019-03-25 09:32:00,46.15,61.31,94931.92000000003,1.2524
913256186,2019-03-07 09:32:00,2019-03-25 09:32:00,178.0,175.56,-7222.399999999993,0.5920000000000001
913324169,2019-03-22 09:32:00,2019-03-25 09:32:00,55.24,53.76,-75.4800000000002,0.0102
913256878,2019-03-25 09:40:00,2019-03-28 11:29:00,85.43,85.21,-2253.4600000001337,2.0486
913254235,2019-03-29 09:32:00,2019-04-09 10:03:00,25.670100000000005,27.78,100659.10919999982,9.5416
913256311,2019-04-09 10:04:00,2019-04-10 15:52:00,64.38,64.13,-992.5,0.794
913256281,2019-04-10 09:32:00,2019-04-11 10:10:00,91.845,91.2993,-37.10759999999976,0.013600000000000001
913323930,2019-04-10 09:32:00,2019-04-17 09:38:00,505.18,497.01,-32.680000000000064,0.0008
913256965,2019-01-09 09:32:00,2019-04-17 09:54:00,107.96999999999998,129.55,18191.940000000024,0.1686
913324210,2019-03-06 09:32:00,2019-04-18 09:33:00,126.46999999999998,136.36,443863.2000000013,8.976
913323573,2019-03-11 09:32:00,2019-04-22 09:35:00,307.52,349.89,354001.35000000003,1.671
913257106,2019-04-11 09:32:00,2019-04-22 14:45:00,98.71,97.36,-2443.4999999999895,0.36200000000000004
913256773,2019-04-16 09:33:00,2019-04-25 09:32:00,54.83500000000001,55.92,1520.0849999999912,0.2802
913323558,2019-03-20 09:32:00,2019-04-25 09:38:00,83.31,88.78,29975.599999999995,1.096
913323467,2019-04-05 09:32:00,2019-04-26 09:34:00,172.83,176.26,168.06999999999894,0.0098
913256186,2019-04-29 09:32:00,2019-04-30 09:33:00,194.075,192.05,-38.47499999999957,0.0038
913323461,2019-04-29 09:32:00,2019-05-01 10:00:00,207.26,206.14,-26.88000000000011,0.0048000000000000004
913256407,2019-04-25 09:32:00,2019-05-01 15:55:00,110.02,109.73,-150.50999999999587,0.1038
913255610,2019-04-26 09:32:00,2019-05-01 15:56:00,97.04,105.0,30518.639999999978,0.7668
913323368,2019-04-09 10:04:00,2019-05-02 09:32:00,398.76,373.99,-65615.72999999995,0.5298
913256365,2019-05-02 09:32:00,2019-05-03 09:32:00,216.26,218.6,367.38000000000056,0.031400000000000004
913256450,2019-04-25 09:32:00,2019-05-06 09:32:00,70.64,67.2,-1723.439999999999,0.10020000000000001
913257034,2019-05-02 09:49:00,2019-05-06 09:32:00,232.46,229.2,-7478.440000000044,0.45880000000000004
913323467,2019-05-03 09:32:00,2019-05-06 09:32:00,176.8345,174.98,-222.5400000000002,0.024
913323461,2019-05-03 09:32:00,2019-05-06 09:32:00,206.92999999999998,199.465,-1254.1199999999958,0.033600000000000005
913256773,2019-05-03 09:32:00,2019-05-06 09:32:00,62.52,61.53,-4341.150000000009,0.877
913256858,2019-05-03 09:32:00,2019-05-06 09:33:00,243.26999999999998,244.58,107.42000000000252,0.0164
913256714,2019-04-23 09:32:00,2019-05-07 09:33:00,63.0,67.8,704433.5999999996,29.3514
913256955,2019-04-26 09:32:00,2019-05-07 09:50:00,95.835,94.465,-2670.129999999981,0.38980000000000004
913255699,2019-05-06 09:41:00,2019-05-07 09:50:00,132.98,131.785,-1281.0399999999927,0.2144
913323680,2019-05-06 09:32:00,2019-05-07 09:53:00,193.74,194.22,150.7199999999968,0.06280000000000001
913323483,2019-04-04 09:32:00,2019-05-08 09:41:00,117.01,118.6,11519.549999999921,1.449
913256260,2019-04-10 09:32:00,2019-05-09 09:32:00,64.62,68.01,111.87000000000002,0.0066
913256171,2019-05-03 13:54:00,2019-05-09 09:32:00,135.455,131.635,-2364.5800000000136,0.12380000000000001
913256186,2019-05-03 09:32:00,2019-05-13 09:34:00,192.72,187.5,-709.9199999999998,0.027200000000000002
913256187,2019-04-29 09:32:00,2019-05-13 10:07:00,177.23,167.1954,-371.28019999999935,0.0074
913324169,2019-05-06 10:22:00,2019-05-13 11:55:00,59.06000000000001,53.29,-14955.840000000026,0.5184
913323444,2019-05-14 09:33:00,2019-05-20 09:32:00,83.49,85.19,249815.0000000004,29.39
913256965,2019-05-22 09:42:00,2019-05-23 09:32:00,118.45000000000002,117.295,-26916.12000000036,4.6608
913254235,2019-05-22 09:56:00,2019-05-23 09:32:00,27.54,26.96,-37096.21999999989,12.7918
913323524,2019-05-02 09:32:00,2019-05-23 09:38:00,99.36,102.96,557.9999999999991,0.031
913256164,2019-05-06 09:32:00,2019-05-29 09:32:00,318.3789,300.94,-1656.695499999999,0.019
950052670,2019-05-28 09:35:00,2019-05-29 09:32:00,54.66,53.555,-90340.37999999974,16.351200000000002
913324581,2019-05-23 09:32:00,2019-05-29 10:46:00,58.49,57.64,-54121.20000000009,12.7344
913256878,2019-05-17 11:56:00,2019-05-29 11:13:00,77.84,79.02,1995.3799999999876,0.3382
913324210,2019-05-22 09:32:00,2019-05-29 11:55:00,143.14,139.55,-106181.42999999927,5.9154
913256363,2019-05-31 09:32:00,2019-06-03 09:56:00,61.975,60.77,-55009.45499999992,9.1302
950052670,2019-06-03 09:32:00,2019-06-03 09:59:00,56.07000000000001,53.88,-21733.56000000005,1.9848000000000001
913323916,2019-06-05 09:32:00,2019-06-05 10:28:00,108.9,105.24,-173725.56000000052,9.4932
913256311,2019-05-03 09:32:00,2019-06-11 11:30:00,66.83,74.3,1725.5699999999997,0.046200000000000005
913257501,2019-05-31 11:04:00,2019-06-13 10:07:00,66.915,66.0,-6480.030000000044,1.4164
913323916,2019-06-07 15:22:00,2019-06-14 09:32:00,107.64000000000001,104.035,-167477.48500000086,9.291400000000001
913256965,2019-06-13 09:36:00,2019-06-14 09:32:00,114.34,112.63,-121.41000000000057,0.0142
913323368,2019-06-17 09:32:00,2019-06-18 12:08:00,389.99,383.68,-14550.860000000006,0.4612
913256281,2019-06-18 09:32:00,2019-06-19 09:35:00,84.5,85.675,7100.524999999983,1.2086000000000001
913256616,2019-06-17 09:32:00,2019-06-21 09:49:00,148.5,151.015,6508.819999999965,0.5176000000000001
913323516,2019-06-19 09:32:00,2019-06-21 10:00:00,5.725,5.645,-4292.320000000004,10.7308
950052670,2019-06-21 09:32:00,2019-06-24 09:54:00,54.5,52.39,-204.66999999999996,0.0194
913323930,2019-06-18 09:32:00,2019-06-24 10:00:00,628.11,623.0071,-1398.1945999999937,0.0548
913256171,2019-06-17 11:05:00,2019-06-25 09:38:00,122.07,126.35,45787.44000000001,2.1396
913256407,2019-06-20 09:32:00,2019-06-25 12:38:00,110.95,109.65,-6125.599999999987,0.9424
913256260,2019-06-18 09:32:00,2019-06-25 12:44:00,68.46,70.51,5317.70000000003,0.5188
913255610,2019-06-19 09:32:00,2019-06-25 15:20:00,94.9318,95.635,3105.3312000000424,0.8832000000000001
913256419,2019-06-19 09:32:00,2019-06-25 15:54:00,39.81,38.935,-7824.25,1.7884
913324154,2019-06-27 09:32:00,2019-06-28 10:48:00,47.3,46.725,-312.2249999999977,0.1086
913323558,2019-06-14 09:32:00,2019-07-02 09:36:00,70.8129,81.11,20398.5551,0.3962
913256186,2019-06-27 09:32:00,2019-07-02 13:31:00,199.55,207.01,253.6399999999993,0.0068000000000000005
913324154,2019-07-01 09:32:00,2019-07-03 09:38:00,47.98,47.95,-5.549999999998896,0.037000000000000005
913323483,2019-07-01 09:32:00,2019-07-05 09:32:00,132.08,132.9,13.11999999999989,0.0032
913323524,2019-06-03 09:32:00,2019-07-05 09:48:00,107.65,115.69,22737.119999999977,0.5656
913256171,2019-07-01 09:32:00,2019-07-08 09:34:00,131.685,127.8,-376.8450000000005,0.0194
913256042,2019-06-13 09:36:00,2019-07-09 09:32:00,30.305,30.59,548.6250000000002,0.385
913256878,2019-07-09 09:36:00,2019-07-11 09:32:00,82.95,83.84,900.6800000000005,0.2024
913256965,2019-07-09 09:32:00,2019-07-11 10:18:00,119.67680000000001,118.97,-340.67760000000743,0.0964
913256714,2019-07-10 09:32:00,2019-07-16 10:17:00,75.14,75.1,-24.920000000003895,0.1246
913256365,2019-07-09 09:32:00,2019-07-16 15:10:00,236.92,241.47,805.350000000002,0.0354
913257170,2019-07-11 09:33:00,2019-07-17 09:32:00,27.030000000000005,26.1,-1368.0300000000047,0.2942
913256616,2019-07-11 09:32:00,2019-07-17 09:38:00,150.52,146.5,-4.02000000000001,0.0002
913323680,2019-07-09 09:32:00,2019-07-17 10:12:00,215.37,217.42,461.24999999999613,0.045000000000000005
913256419,2019-07-10 09:32:00,2019-07-18 13:26:00,40.35,39.31,-1293.7599999999989,0.24880000000000002
913323444,2019-07-10 09:32:00,2019-07-22 09:32:00,85.63,84.9,-356.969999999995,0.0978
913324210,2019-07-11 09:32:00,2019-07-22 09:33:00,150.26,151.68,2.840000000000032,0.0004
913256260,2019-07-01 09:32:00,2019-07-23 09:52:00,72.77,71.28,-37.24999999999987,0.005
913324169,2019-06-14 09:32:00,2019-07-25 09:32:00,56.02,64.47,16418.34999999999,0.3886
913256955,2019-06-14 10:16:00,2019-07-25 09:32:00,82.54,98.04,252092.0,3.2528
913256396,2019-06-27 09:32:00,2019-07-25 09:32:00,97.65,96.74,-61.880000000000734,0.013600000000000001
913256164,2019-07-18 09:32:00,2019-07-25 09:32:00,283.53,218.3,-20416.989999999987,0.0626
913323916,2019-07-10 09:32:00,2019-07-26 13:09:00,118.38,122.05,917.5000000000005,0.05
913323573,2019-07-26 09:32:00,2019-07-29 09:51:00,355.0,348.13,-8834.820000000005,0.25720000000000004
913323467,2019-06-26 09:32:00,2019-07-29 10:14:00,178.18,189.77,237525.46000000008,4.0988
913324169,2019-07-30 09:32:00,2019-07-31 09:32:00,63.89999999999999,61.935,-5871.419999999967,0.5976
950052670,2019-07-31 09:32:00,2019-07-31 11:31:00,53.97,52.32,-1712.6999999999985,0.2076
913323368,2019-07-29 11:52:00,2019-07-31 14:46:00,388.33,380.005,-48493.124999999935,1.165
913323461,2019-07-30 09:32:00,2019-07-31 14:50:00,207.685,208.7599,992.1326999999865,0.18460000000000001
913256955,2019-07-31 09:32:00,2019-07-31 14:51:00,96.42,94.01,-2202.739999999997,0.18280000000000002
913255699,2019-06-18 09:41:00,2019-07-31 14:52:00,121.34,135.1838,6824.993399999994,0.09860000000000001
913256858,2019-07-17 09:32:00,2019-07-31 14:55:00,283.76,279.34,-2974.6600000000108,0.1346
913256773,2019-07-30 09:32:00,2019-07-31 14:55:00,65.165,63.83,-30767.745000000185,4.6094
950052670,2019-07-31 12:02:00,2019-08-01 09:32:00,52.67,51.6,-1273.3000000000004,0.23800000000000002
913256955,2019-07-31 14:52:00,2019-08-01 09:32:00,93.78,94.72,10958.519999999973,2.3316
913257399,2019-07-31 09:32:00,2019-08-01 14:23:00,139.25,136.51,-1367.2600000000045,0.0998
913256363,2019-07-26 09:32:00,2019-08-02 09:47:00,65.86,64.66,-25744.80000000006,4.2908
913256422,2019-06-04 10:23:00,2019-08-02 15:56:00,118.94,128.96,531060.0000000006,10.6
913255758,2019-07-11 09:32:00,2019-08-05 09:32:00,112.435,111.38,-1.0550000000000068,0.0002
913257501,2019-08-02 09:32:00,2019-08-05 09:32:00,74.57,73.03,-37740.7799999998,4.901400000000001
913323516,2019-07-29 09:32:00,2019-08-05 09:46:00,6.225,6.21,-55.79999999999881,0.744
913255610,2019-08-19 09:32:00,2019-08-20 09:35:00,105.495,103.02,-695.4750000000024,0.0562
913324581,2019-08-19 09:32:00,2019-08-20 10:03:00,61.76,61.79,11.490000000000435,0.0766
913256171,2019-08-19 09:32:00,2019-08-23 15:57:00,114.07,115.04,451.0500000000061,0.093
913257106,2019-08-22 09:32:00,2019-08-27 12:36:00,106.5,103.465,-1050.1099999999988,0.0692
913257501,2019-08-27 09:32:00,2019-08-28 09:32:00,77.76,73.26,-315.0,0.014
913256407,2019-08-28 09:32:00,2019-08-30 09:32:00,96.4343,98.275,316.60040000000214,0.0344
913323573,2019-08-29 09:32:00,2019-08-30 09:32:00,339.36,252.1,-2530.5400000000004,0.0058000000000000005
913256171,2019-08-27 09:32:00,2019-08-30 10:30:00,112.53,101.36,-3161.1100000000006,0.056600000000000004
913256450,2019-08-30 09:32:00,2019-09-03 09:32:00,30.949999999999996,30.24,-9.229999999999965,0.0026000000000000003
913257399,2019-08-29 09:32:00,2019-09-06 09:32:00,145.78,151.12,315.0600000000002,0.0118
913256616,2019-09-04 09:32:00,2019-09-06 13:37:00,172.8664,162.42,-3186.152000000003,0.061000000000000006
913323444,2019-09-05 09:32:00,2019-09-09 09:33:00,83.18,83.53,0.6999999999999886,0.0004
913256365,2019-09-06 09:33:00,2019-09-09 09:53:00,267.85,263.11,-156.4200000000003,0.0066
913324581,2019-08-27 09:32:00,2019-09-09 14:23:00,63.92,63.39,-118.19000000000025,0.0446
913324210,2019-08-26 09:32:00,2019-09-10 09:33:00,155.75,157.24,330.780000000002,0.0444
913323483,2019-09-10 09:32:00,2019-09-10 10:10:00,139.66,135.89,-1945.3200000000052,0.1032
913323483,2019-09-10 10:11:00,2019-09-11 09:32:00,135.995,135.7,-226.85500000001224,0.15380000000000002
913323916,2019-09-05 09:32:00,2019-09-11 15:23:00,104.99,104.275,-0.7149999999999892,0.0002
913323558,2019-09-12 09:32:00,2019-09-13 09:32:00,83.825,82.07,-631.8000000000035,0.07200000000000001
913324101,2019-07-05 09:32:00,2019-09-16 09:32:00,47.41,62.9127,57328.98460000002,0.7396
913256363,2019-09-12 09:32:00,2019-09-16 09:32:00,65.455,63.91,-1752.030000000002,0.2268
913323368,2019-08-28 09:38:00,2019-09-16 14:01:00,378.14,382.86,160.48000000000093,0.0068000000000000005
913256419,2019-09-17 09:32:00,2019-09-18 09:36:00,40.26,40.37,944.4599999999951,1.7172
913323312,2019-09-18 09:32:00,2019-09-18 09:39:00,26.59,26.33,-13.520000000000081,0.010400000000000001
913323312,2019-09-18 09:40:00,2019-09-19 10:14:00,26.3,26.475,991.0250000000041,1.1326
913257170,2019-09-18 09:32:00,2019-09-19 10:39:00,27.34,27.13,-10.920000000000044,0.010400000000000001
913323516,2019-09-19 09:32:00,2019-09-20 14:34:00,6.36,6.28,-2481.600000000002,6.204000000000001
913323524,2019-09-20 09:32:00,2019-09-23 09:32:00,131.53,128.315,-315.07000000000033,0.0196
913256955,2019-09-20 09:32:00,2019-09-23 09:32:00,92.77,90.065,-1090.1149999999993,0.0806
913255610,2019-09-20 09:32:00,2019-09-23 09:32:00,108.805,104.8,-2743.4250000000065,0.137
913323457,2019-09-05 09:32:00,2019-09-24 10:43:00,66.54,69.0,4.9199999999999875,0.0004
913255699,2019-09-20 09:32:00,2019-09-24 11:46:00,121.4436,120.08,-302.71920000000114,0.0444
913323461,2019-09-23 09:32:00,2019-09-24 12:32:00,234.82,235.27,373.05000000001417,0.1658
913257070,2019-08-09 09:32:00,2019-09-25 11:53:00,94.135,95.895,235720.31999999878,26.7864
913256311,2019-09-25 09:32:00,2019-09-26 09:49:00,81.9,80.8281,-138.27509999999992,0.0258
913323461,2019-09-25 09:32:00,2019-09-27 09:43:00,233.505,235.79,235.35499999999965,0.0206
913257399,2019-09-25 09:32:00,2019-09-27 10:00:00,156.6641,159.23,351.5282999999999,0.0274
913256422,2019-09-26 09:32:00,2019-09-27 12:59:00,133.01,131.42,-19076.82000000004,2.3996
913256955,2019-09-25 09:32:00,2019-09-27 14:52:00,90.43,91.04,183.60999999999984,0.060200000000000004
913323467,2019-09-18 09:32:00,2019-09-27 14:54:00,195.39,188.74,-6.649999999999977,0.0002
913256311,2019-09-27 09:32:00,2019-09-30 09:33:00,81.0484,79.77,-4630.364800000018,0.7244
913323457,2019-09-25 09:35:00,2019-10-01 11:56:00,68.27,68.33,13.800000000000523,0.046
913324169,2019-10-01 09:32:00,2019-10-01 12:00:00,58.53,57.31,-27875.779999999973,4.5698
913256450,2019-09-25 09:32:00,2019-10-01 12:17:00,31.78,31.69,-76.13999999999987,0.16920000000000002
913256714,2019-09-30 09:32:00,2019-10-01 13:13:00,68.415,67.52,-19244.29000000022,4.3004
913256042,2019-09-26 09:32:00,2019-10-02 09:37:00,28.15,26.82,-371169.74999999953,55.815000000000005
913323483,2019-09-27 09:32:00,2019-10-02 09:41:00,140.97,134.74,-19780.249999999967,0.635
913255610,2019-09-25 11:19:00,2019-10-02 12:23:00,104.73,106.93,514.8000000000006,0.0468
913323573,2019-09-27 10:41:00,2019-10-03 10:07:00,245.58,252.7,14930.63999999995,0.4194
913257501,2019-09-26 09:32:00,2019-10-04 10:27:00,73.4,83.4,86390.0,1.7278
913256365,2019-10-04 09:32:00,2019-10-07 09:56:00,261.09,260.4075,-8436.382499999354,2.4722
913256396,2019-10-10 09:32:00,2019-10-14 09:38:00,96.59999999999998,98.03,164727.42000000243,23.038800000000002
950052670,2019-08-29 09:32:00,2019-10-16 09:32:00,45.9,66.51,3112.110000000001,0.0302
913255699,2019-09-25 09:32:00,2019-10-16 09:40:00,118.53,114.83,-614.2000000000005,0.0332
913256363,2019-10-16 09:32:00,2019-10-17 10:34:00,61.47,61.31,-7278.239999999845,9.097800000000001
913256773,2019-10-17 10:01:00,2019-10-18 09:36:00,57.2,56.22,-82796.28000000033,16.8972
913323930,2019-10-04 09:33:00,2019-10-18 10:11:00,565.5013,543.4404,-59255.57740000016,0.5372
913323444,2019-10-18 09:32:00,2019-10-21 09:34:00,84.69,84.49,-2988.0000000000423,2.988
913256407,2019-09-25 09:32:00,2019-10-21 09:47:00,113.68,116.59,1111.6199999999988,0.07640000000000001
913256260,2019-10-22 09:32:00,2019-10-22 09:50:00,70.01,66.51,-86142.0,4.9224000000000006
913323680,2019-10-17 09:52:00,2019-10-22 11:19:00,186.39,184.41,-7256.6999999999625,0.733
913256260,2019-10-22 09:51:00,2019-10-22 12:43:00,66.4,63.13,-19361.67000000002,1.1842000000000001
913256419,2019-10-22 09:32:00,2019-10-24 09:32:00,39.35,35.5,-563251.1500000003,29.259800000000002
913323516,2019-10-23 09:32:00,2019-10-24 09:54:00,6.404999999999999,6.385,-1018.1999999999783,10.182
913323457,2019-10-23 09:32:00,2019-10-24 10:16:00,75.41,74.18,-4218.899999999965,0.686
913256363,2019-10-23 11:35:00,2019-10-25 09:32:00,60.28,60.4,547.3199999999883,0.9122
913256396,2019-10-24 09:32:00,2019-10-25 09:44:00,106.5,105.66,-2343.6000000000095,0.558
913323558,2019-10-28 09:32:00,2019-10-29 10:08:00,90.91,90.69,-10316.239999999947,9.378400000000001
913257070,2019-10-23 09:39:00,2019-10-29 12:22:00,95.1501,94.685,-997.174399999984,0.4288
913255758,2019-10-11 09:32:00,2019-10-30 09:37:00,123.98,125.73,406.0,0.046400000000000004
913323524,2019-10-25 09:32:00,2019-10-31 12:31:00,124.38,120.64,-75708.81999999989,4.0486
913323467,2019-10-23 09:32:00,2019-11-01 11:22:00,204.11,202.76,-789.7500000000133,0.117
913256311,2019-10-31 09:32:00,2019-11-04 12:34:00,83.76,82.33,-1169.7400000000057,0.1636
913254465,2019-11-04 09:32:00,2019-11-05 09:38:00,166.95,164.66,-7160.829999999975,0.6254000000000001
913256042,2019-10-30 09:32:00,2019-11-05 10:32:00,28.100000000000005,32.45,690262.3499999996,31.7362
913256450,2019-11-04 09:32:00,2019-11-05 10:43:00,37.56,37.255,-2594.0249999999974,1.701
913323444,2019-10-23 09:32:00,2019-11-06 11:29:00,83.30999999999999,82.26,-3972.1499999999355,0.7566
913257525,2019-11-04 09:32:00,2019-11-06 13:48:00,313.78,326.08,66567.60000000006,1.0824
913257501,2019-11-07 09:32:00,2019-11-08 09:32:00,108.35,104.05,-86451.49999999994,4.021
913323461,2019-11-05 09:32:00,2019-11-11 09:40:00,279.0,269.015,-3155.2600000000043,0.0632
913256965,2019-11-13 09:32:00,2019-11-14 09:32:00,115.06,115.88,5478.419999999955,1.3362
913255610,2019-11-13 09:32:00,2019-11-14 09:32:00,117.46,117.945,6035.339999999993,2.4888
913256171,2019-10-18 09:32:00,2019-11-14 11:51:00,100.39,104.8,140264.4599999999,6.3612
913256773,2019-11-18 09:32:00,2019-11-19 09:38:00,58.48,59.03,444.95000000000346,0.1618
913257399,2019-11-08 09:32:00,2019-11-19 10:01:00,170.585,174.68,45958.18499999999,2.2446
913323368,2019-11-08 09:32:00,2019-11-19 12:11:00,436.8,445.27,75374.52999999974,1.7798
913256164,2019-10-23 09:32:00,2019-11-20 13:00:00,213.375,267.005,24669.8,0.092
913256260,2019-11-20 09:32:00,2019-11-21 09:32:00,68.36,67.82,-1306.2600000000152,0.4838
913257399,2019-11-20 09:32:00,2019-11-21 09:32:00,175.79,164.38,-16521.679999999997,0.2896
913257525,2019-11-20 09:32:00,2019-11-21 09:32:00,342.99,343.411,2086.0549999999616,0.991
913256281,2019-10-17 09:32:00,2019-11-21 09:35:00,68.765,76.54,151985.7000000001,3.9096
913254235,2019-10-14 09:32:00,2019-11-22 10:19:00,29.6,38.8902,10247.090599999998,0.22060000000000002
913323516,2019-11-22 09:32:00,2019-11-25 09:32:00,6.99,6.82,-37326.21999999999,43.9132
913256396,2019-11-20 09:32:00,2019-11-26 14:34:00,113.44,113.2,-437.75999999999067,0.3648
913323930,2019-11-26 09:32:00,2019-11-27 09:36:00,582.01,581.43,-303.92000000002145,0.1048
913255758,2019-11-20 09:32:00,2019-11-27 09:44:00,137.58,134.39,-3952.4100000000326,0.24780000000000002
913323444,2019-11-27 09:32:00,2019-11-29 11:53:00,86.31,86.06,-1345.25,1.0762
913256419,2019-11-26 09:32:00,2019-11-29 12:56:00,35.81,35.51,-8754.600000000124,5.8364
913323483,2019-11-26 09:32:00,2019-12-02 09:33:00,138.79,140.9,5553.520000000036,0.5264
913256260,2019-11-22 09:32:00,2019-12-02 10:07:00,67.42,68.38,7594.55999999995,1.5822
913257501,2019-11-20 09:32:00,2019-12-03 09:32:00,118.61,116.1,-4169.110000000009,0.3322
913256186,2019-11-27 09:32:00,2019-12-03 09:32:00,253.8399,244.0,-8472.1539,0.17220000000000002
913256714,2019-12-02 09:32:00,2019-12-03 09:32:00,71.42,70.35,-23281.06000000016,4.3516
913256773,2019-11-20 09:32:00,2019-12-03 12:49:00,58.82999999999999,58.52,-11792.709999999546,7.6082
913323680,2019-12-04 09:40:00,2019-12-05 09:32:00,188.04,186.88,-13281.999999999962,2.29
913324581,2019-11-27 10:51:00,2019-12-06 10:02:00,61.45,61.64,1338.169999999984,1.4086
913323573,2019-12-09 09:32:00,2019-12-10 09:32:00,259.75,251.42,-44548.84000000007,1.0696
913255699,2019-11-15 13:15:00,2019-12-11 09:46:00,119.29,146.85,1280850.9999999995,9.295
913256965,2019-11-20 09:32:00,2019-12-12 09:35:00,117.04,113.11,-11424.51000000002,0.5814
913323467,2019-12-12 09:32:00,2019-12-13 09:33:00,227.98310000000004,219.6,-38989.7981000002,0.9302
913256042,2019-12-13 09:32:00,2019-12-13 09:48:00,31.99,31.72,-2916.5399999999954,2.1604
913256042,2019-12-13 09:49:00,2019-12-13 11:14:00,31.71,31.46,-9842.25,7.8738
913256042,2019-12-16 09:32:00,2019-12-17 09:32:00,31.8,31.68,-4752.000000000039,7.920000000000001
913256858,2019-12-16 09:33:00,2019-12-17 09:33:00,254.06000000000003,254.93,20.879999999999427,0.0048000000000000004
913256878,2019-12-05 09:32:00,2019-12-19 09:32:00,94.93,90.91,-93336.36000000023,4.6436
913256365,2019-12-11 12:08:00,2019-12-19 09:47:00,256.51,265.0,86810.25000000009,2.045
950052670,2019-12-13 09:32:00,2019-12-20 09:49:00,71.78,73.35,640.5599999999972,0.0816
913324169,2019-12-12 09:32:00,2019-12-24 09:32:00,57.85,61.43,107357.03999999995,5.9976
913256450,2019-12-20 09:32:00,2019-12-24 09:32:00,36.93,36.94,1204.0599999997605,24.081200000000003
913323483,2019-12-23 09:32:00,2019-12-24 09:42:00,139.775,138.89,-146.9100000000032,0.0332
913257399,2019-12-23 09:32:00,2019-12-24 09:48:00,178.4,176.28,-364.6400000000008,0.0344
913256714,2019-12-19 09:32:00,2019-12-26 11:15:00,72.0,73.03,4680.320000000005,0.9088
913323573,2019-12-19 09:32:00,2019-12-26 11:22:00,250.71,249.51,-890.4000000000126,0.1484
913323916,2019-12-19 09:32:00,2019-12-26 12:14:00,97.52,98.05,1122.5400000000025,0.42360000000000003
913255610,2019-11-20 09:32:00,2019-12-30 09:36:00,114.49,127.67,74295.66000000003,1.1274
913323680,2019-12-19 09:32:00,2019-12-30 09:45:00,191.15,192.26,1066.7099999999857,0.1922
913256616,2019-11-25 09:32:00,2019-12-30 09:50:00,225.5,215.23,-23723.700000000023,0.462
913256164,2019-12-24 09:32:00,2019-12-31 09:32:00,276.92,275.17,-1.75,0.0002
913323558,2019-12-30 09:32:00,2019-12-31 09:32:00,121.71,119.74,-12678.919999999993,1.2872000000000001
913256186,2019-12-24 09:32:00,2020-01-03 09:32:00,255.7353,254.98,-1.5106000000000108,0.0004
913255699,2020-01-02 09:32:00,2020-01-03 09:32:00,150.9,149.76,-5053.620000000065,0.8866
913254465,2020-01-02 09:32:00,2020-01-03 09:32:00,166.31,165.2222,-9741.24900000014,1.7910000000000001
913324101,2019-12-11 09:32:00,2020-01-06 09:32:00,49.99,63.1499,289030.8837,4.3926
913256422,2019-12-26 09:32:00,2020-01-06 09:39:00,108.73000000000002,107.9198,-46780.137800001336,11.5478
913256187,2019-11-18 09:32:00,2020-01-13 09:32:00,160.05,190.75,1504.2999999999995,0.0098
913257106,2019-12-19 09:39:00,2020-01-13 09:32:00,114.2,119.75,28160.699999999986,1.0148000000000001
913255758,2020-01-06 09:32:00,2020-01-17 09:32:00,141.21,141.5,4409.159999999879,3.0408
913256281,2020-01-16 09:32:00,2020-01-17 11:45:00,89.4,88.51,-80877.86000000006,18.1748
913256171,2020-01-21 09:32:00,2020-01-22 11:42:00,113.69000000000001,111.29,-64574.400000000154,5.381200000000001
913256187,2020-01-21 09:32:00,2020-01-22 14:03:00,194.27,196.12,9372.099999999971,1.0132
913256858,2019-12-19 09:33:00,2020-01-23 11:10:00,254.61,283.66,22600.90000000001,0.15560000000000002
913324210,2020-01-23 09:32:00,2020-01-24 13:51:00,162.96,164.245,33939.41999999991,5.2824
913323680,2020-01-21 09:32:00,2020-01-24 14:19:00,213.48,212.7,-2772.120000000004,0.7108
913255699,2020-01-24 09:32:00,2020-01-24 14:21:00,160.37,156.81,-2146.680000000001,0.1206
913256955,2019-12-12 09:32:00,2020-01-24 14:22:00,99.09,106.62,150517.17,3.9978000000000002
913323467,2019-12-23 09:32:00,2020-01-27 09:32:00,230.08999999999997,232.5749,226.12590000000353,0.0182
913256260,2020-01-17 09:32:00,2020-01-27 09:32:00,73.3935,71.99,-168.42000000000098,0.024
913324101,2020-01-21 09:32:00,2020-01-27 09:32:00,67.81,65.45,-41266.95999999999,3.4972000000000003
913254465,2020-01-21 09:32:00,2020-01-27 09:32:00,180.375,181.57,9164.454999999947,1.5338
913257501,2020-01-24 09:32:00,2020-01-27 09:32:00,116.88,111.42,-3761.9399999999955,0.1378
913255699,2020-01-24 14:22:00,2020-01-27 09:32:00,156.73,151.47,-63456.63999999989,2.4128000000000003
913256187,2020-01-27 09:32:00,2020-01-28 09:41:00,195.13,195.7,6676.40999999992,2.3426
913256396,2020-01-24 09:32:00,2020-01-28 09:44:00,128.75,126.29,-1633.439999999996,0.1328
913323368,2020-01-22 09:32:00,2020-01-29 10:02:00,442.81380000000007,425.6939,-22324.349600000114,0.26080000000000003
913323930,2020-01-27 09:32:00,2020-01-30 09:32:00,641.23,663.0,33634.64999999997,0.309
913256363,2020-01-28 09:32:00,2020-01-30 09:32:00,61.809999999999995,62.045,17052.540000000474,14.5128
913257070,2019-12-10 09:32:00,2020-01-31 09:32:00,102.07,108.67,53664.60000000007,1.6262
913257106,2020-01-21 09:32:00,2020-01-31 11:09:00,117.56000000000002,112.64,-57657.480000000185,2.3438000000000003
913256965,2020-01-27 09:32:00,2020-02-03 09:33:00,113.36,111.51,-34208.3499999999,3.6982000000000004
913324581,2020-01-31 09:32:00,2020-02-04 09:33:00,68.92,69.07,13162.199999999251,17.5496
913257170,2020-02-05 09:32:00,2020-02-07 09:37:00,21.15,20.87,-136129.55999999883,97.2354
913256311,2019-12-04 09:32:00,2020-02-12 09:50:00,87.52,101.87,198704.45000000013,2.7694
913256773,2020-01-17 09:32:00,2020-02-12 09:57:00,67.34,68.9,2759.640000000004,0.3538
913255758,2020-02-16 09:32:00,2020-02-18 10:07:00,138.29,135.1,-2520.099999999998,0.158
913256407,2020-02-18 09:32:00,2020-02-19 10:40:00,88.93,90.6958,1.7657999999999987,0.0002
913323573,2020-02-19 09:32:00,2020-02-20 09:32:00,300.55,294.88,-396.9000000000011,0.014
913323483,2020-01-21 09:32:00,2020-02-20 11:33:00,151.09,153.53,8215.479999999992,0.6734
913256616,2020-02-20 09:32:00,2020-02-21 09:45:00,293.38,292.77,-82.96000000000186,0.027200000000000002
913256450,2020-02-18 09:32:00,2020-02-21 09:49:00,38.2,38.525,0.6499999999999915,0.0004
913256186,2020-02-07 09:32:00,2020-02-21 13:32:00,285.01,286.11,396.0000000000082,0.07200000000000001
913257106,2020-02-18 09:32:00,2020-02-21 13:56:00,121.26,122.19,0.9299999999999926,0.0002
950052670,2020-02-14 09:32:00,2020-02-24 09:32:00,88.37,80.95,-971448.6600000003,26.1846
913256164,2020-02-20 09:32:00,2020-02-24 09:32:00,276.48,243.51,-3033.2400000000025,0.0184
913256281,2020-02-18 09:32:00,2020-02-24 09:36:00,88.09,92.89,4.799999999999997,0.0002
913257525,2020-02-18 09:32:00,2020-02-24 09:47:00,395.7675,393.31,-2.457499999999982,0.0002
913323444,2020-01-29 09:32:00,2020-02-24 11:52:00,88.67,87.33,-36197.42000000009,5.4026000000000005
913256878,2020-02-24 09:32:00,2020-02-24 12:11:00,79.83,77.59,-2638.719999999994,0.2356
913256363,2020-02-21 09:32:00,2020-02-24 13:05:00,69.3,68.105,-8485.694999999952,1.4202000000000001
913256878,2020-02-24 12:12:00,2020-02-25 09:37:00,77.62,79.22,121441.59999999957,15.180200000000001
913323467,2020-02-25 09:32:00,2020-02-26 13:40:00,249.18,238.08,-76934.09999999996,1.3862
913324581,2020-02-24 09:32:00,2020-02-26 15:56:00,71.81,68.4,-3461.1499999999965,0.203
913324039,2020-02-26 09:32:00,2020-02-27 09:32:00,116.25999999999999,112.25,-113350.66999999974,5.6534
913323916,2020-03-25 13:49:00,2020-03-26 09:35:00,78.09,74.16,-150833.40000000026,7.676
913323558,2020-03-25 12:40:00,2020-04-01 10:03:00,90.58,85.16,-427567.54000000015,15.7774
913257106,2020-03-31 11:45:00,2020-04-01 15:41:00,87.529,80.4,-37576.95899999995,1.0542
913256396,2020-04-03 09:32:00,2020-04-06 09:34:00,141.96,140.02,-8479.73999999999,0.8742000000000001
913256164,2020-04-07 09:32:00,2020-04-07 09:40:00,191.49,183.17,-197117.44000000053,4.7384
913256164,2020-04-07 09:41:00,2020-04-07 14:46:00,182.63240000000002,176.82,-138497.8672000006,4.7656
913257501,2020-04-02 09:32:00,2020-04-08 09:39:00,111.92,120.21,48479.919999999955,1.1696
913256164,2020-04-08 09:32:00,2020-04-13 09:36:00,177.84999999999997,185.34,176906.3100000009,4.723800000000001
913323524,2020-04-10 09:32:00,2020-04-13 09:53:00,119.4,118.24,-2.3200000000000216,0.0004
913323524,2020-04-14 09:32:00,2020-04-14 15:22:00,124.92499999999998,123.025,-8728.599999999895,0.9188000000000001
913323524,2020-04-14 15:23:00,2020-04-15 09:32:00,123.21000000000001,123.42,136.07999999999595,0.1296
913256042,2020-04-10 09:32:00,2020-04-15 09:50:00,28.11,27.57,-144.71999999999977,0.0536
913323368,2020-04-17 09:32:00,2020-04-17 10:30:00,379.62,371.66,-931.3199999999977,0.0234
913323368,2020-04-17 10:31:00,2020-04-20 09:32:00,373.49,367.09,-364.80000000000194,0.0114
913324210,2020-04-15 09:32:00,2020-04-20 14:23:00,146.82,148.8697,830.1285000000006,0.081
913256260,2020-04-03 09:32:00,2020-04-21 09:32:00,65.525,76.32,81415.88999999991,1.5084
913324581,2020-04-09 09:32:00,2020-04-21 09:32:00,63.151,63.34,2199.9600000000005,2.3280000000000003
913256773,2020-04-15 09:32:00,2020-04-21 09:32:00,62.295,60.28,-12476.880000000003,1.2384000000000002
913323483,2020-04-03 09:32:00,2020-04-21 09:37:00,127.00499999999998,148.8,98317.24500000014,0.9022
913323930,2020-04-21 09:32:00,2020-04-21 10:51:00,594.36,567.61,-4654.5,0.034800000000000005
913256965,2020-03-31 09:32:00,2020-04-21 10:56:00,98.39,101.9,12972.96000000002,0.7392000000000001
913323930,2020-04-21 10:52:00,2020-04-24 09:57:00,568.6,577.21,36919.68000000006,0.8576
913256858,2020-04-23 09:32:00,2020-04-28 09:37:00,269.45,269.995,351.52500000001027,0.129
913256419,2020-04-17 09:32:00,2020-04-28 10:32:00,37.23,39.045,2276.010000000006,0.2508
950052670,2020-04-15 09:32:00,2020-04-29 09:34:00,97.1782,101.5022,1573.9359999999992,0.0728
913256714,2020-04-10 09:32:00,2020-04-29 09:35:00,68.38,70.02,37.72000000000001,0.0046
913256616,2020-04-29 09:32:00,2020-04-29 09:36:00,339.09,328.53,-83096.64000000001,1.5738
913256450,2020-04-06 12:22:00,2020-04-30 09:32:00,31.85,36.5,316176.7499999999,13.599
913256616,2020-04-29 09:37:00,2020-04-30 11:55:00,335.05,340.295,41047.37000000004,1.5652000000000001
913257399,2020-04-15 09:32:00,2020-05-01 09:32:00,156.42,157.0,162.9800000000035,0.0562
913323467,2020-04-30 09:32:00,2020-05-01 09:32:00,228.95000000000002,218.285,-1567.755000000003,0.029400000000000003
913256186,2020-04-14 09:32:00,2020-05-04 09:32:00,248.46000000000004,254.9,28638.679999999862,0.8894000000000001
913256171,2020-04-13 09:32:00,2020-05-05 11:00:00,96.49,98.28,3.5800000000000125,0.0004
913257070,2020-03-30 10:13:00,2020-05-06 09:35:00,98.635,115.0,687542.7449999998,8.4026
913256164,2020-05-08 09:32:00,2020-05-08 14:12:00,216.59,210.605,-28332.990000000063,0.9468000000000001
913323457,2020-05-06 09:32:00,2020-05-11 09:32:00,68.87,68.73,-2576.0000000000105,3.68
913323573,2020-05-08 09:32:00,2020-05-11 09:32:00,225.32,226.88,14405.04000000002,1.8468
913256164,2020-05-08 14:13:00,2020-05-11 09:32:00,210.78,208.12,-2819.5999999999963,0.21200000000000002
913255699,2020-05-08 09:32:00,2020-05-12 09:36:00,152.12,158.82,73840.69999999988,2.2042
913323573,2020-05-12 09:32:00,2020-05-12 09:46:00,227.81,224.7,-3240.6200000000144,0.2084
913323573,2020-05-12 09:47:00,2020-05-12 09:51:00,224.0,221.19,-1674.7600000000014,0.1192
913256164,2020-05-12 09:32:00,2020-05-12 15:31:00,216.35,210.03,-3393.8399999999965,0.10740000000000001
913257170,2020-05-12 09:32:00,2020-05-13 09:32:00,21.67,21.42,-6063.5,4.8508000000000004
913256164,2020-05-12 15:32:00,2020-05-13 09:32:00,209.99,204.72,-1733.8300000000033,0.0658
913323467,2020-05-12 09:32:00,2020-05-13 11:48:00,247.86999999999998,231.8232,-9146.675999999978,0.114
913256955,2020-05-14 09:33:00,2020-05-14 09:43:00,83.57,82.01,-27125.27999999979,3.4776000000000002
913256955,2020-05-14 10:46:00,2020-05-15 09:32:00,83.11,82.68,-7432.979999999872,3.4572000000000003
913256422,2020-05-15 10:16:00,2020-05-19 09:32:00,65.255,78.0,333179.7900000001,5.228400000000001
913256396,2020-04-23 09:32:00,2020-05-19 10:00:00,144.34,139.38,-7529.2800000000125,0.30360000000000004
913257501,2020-04-14 09:32:00,2020-05-21 09:34:00,123.43,154.41,251495.63999999993,1.6236000000000002
913257399,2020-05-18 09:32:00,2020-05-21 09:56:00,172.76,174.7,3967.299999999995,0.40900000000000003
913256311,2020-05-18 09:32:00,2020-05-22 09:34:00,82.06,86.795,10042.935,0.4242
913256858,2020-05-12 09:32:00,2020-05-27 09:32:00,298.48,291.21,-3242.4200000000174,0.0892
950052670,2020-05-12 09:32:00,2020-05-27 09:39:00,121.42,121.03,-535.4700000000008,0.2746
913256187,2020-05-01 09:32:00,2020-05-27 09:50:00,179.72,195.92,457763.3999999997,5.651400000000001
913323516,2020-05-27 09:32:00,2020-05-28 15:50:00,5.685,5.655,-2991.719999999936,19.9448
913323312,2020-05-11 09:32:00,2020-05-29 09:32:00,21.12,20.575,-21276.255000000067,7.8078
913256365,2020-05-29 09:32:00,2020-05-29 12:54:00,250.24,244.945,-7677.750000000023,0.29000000000000004
913256365,2020-05-29 12:55:00,2020-06-01 09:35:00,244.77999999999997,247.66,8035.200000000066,0.558
913255758,2020-05-29 09:32:00,2020-06-01 09:39:00,110.155,109.72,-984.4050000000052,0.4526
913256878,2020-04-13 09:32:00,2020-06-02 11:05:00,86.125,99.37,13.245000000000005,0.0002
913323916,2020-04-14 09:32:00,2020-06-08 10:18:00,84.54,95.665,217549.375,3.911
913255610,2020-05-27 09:32:00,2020-06-09 09:32:00,103.065,110.78,57955.08000000002,1.5024000000000002
913257106,2020-06-08 10:19:00,2020-06-09 09:32:00,102.4,102.395,-18.29000000003535,0.7316
913255273,2020-06-08 10:19:00,2020-06-09 09:32:00,41.045,40.94,-1043.3850000000396,1.9874
913324169,2020-06-08 10:19:00,2020-06-09 09:33:00,60.83,60.42,-1380.0599999999886,0.6732
913323444,2020-06-02 09:32:00,2020-06-09 12:06:00,72.08,77.86,20848.460000000003,0.7214
913257106,2020-06-10 09:32:00,2020-06-10 10:16:00,101.48,99.34,-4513.260000000001,0.4218
913256714,2020-06-09 09:32:00,2020-06-10 10:54:00,73.79,70.9,-369.9200000000001,0.0256
913255758,2020-06-10 09:32:00,2020-06-10 13:02:00,124.3,121.88,-1364.880000000001,0.11280000000000001
913256164,2020-06-10 09:32:00,2020-06-10 14:54:00,281.31,268.24,-2744.6999999999985,0.042
913323516,2020-06-10 09:32:00,2020-06-11 09:32:00,6.325,6.053,-8414.864000000007,6.1874
913323312,2020-06-10 09:32:00,2020-06-11 09:32:00,22.42,21.87,-6317.300000000008,2.2972
913255273,2020-06-10 09:32:00,2020-06-11 09:32:00,40.61,39.23,-7921.200000000014,1.1480000000000001
913256422,2020-06-10 09:32:00,2020-06-11 09:32:00,88.35,81.335,-16106.44,0.4592
913323444,2020-06-10 09:32:00,2020-06-11 09:32:00,78.01,75.33,-6485.600000000017,0.48400000000000004
913324100,2020-06-02 09:32:00,2020-06-11 09:32:00,43.54,42.8,-19495.300000000054,5.269
913323558,2020-05-18 09:32:00,2020-06-11 09:32:00,110.26,126.16,72806.09999999996,0.9158000000000001
913323457,2020-06-04 09:32:00,2020-06-11 09:32:00,74.21,75.2501,2.080200000000019,0.0004
913256311,2020-06-10 09:32:00,2020-06-11 09:32:00,89.18,87.31,-1092.0800000000027,0.1168
913323916,2020-06-10 09:32:00,2020-06-11 09:32:00,96.14499999999998,93.08,-4254.2199999999775,0.2776
913324169,2020-06-10 09:32:00,2020-06-11 09:35:00,60.86,58.6,-4355.019999999996,0.3854
913256042,2020-05-12 09:32:00,2020-06-11 09:42:00,29.48,31.605,142066.875,13.371
913256858,2020-06-11 09:33:00,2020-06-11 11:11:00,318.23,307.83,-9838.400000000032,0.1892
913255758,2020-06-11 09:33:00,2020-06-11 11:15:00,118.29,114.82,-9192.030000000035,0.5298
913324210,2020-06-09 09:32:00,2020-06-11 11:50:00,169.18,166.32,-105.8200000000005,0.0074
913323930,2020-06-08 10:19:00,2020-06-11 12:19:00,851.35,864.16,1742.1599999999926,0.027200000000000002
913256281,2020-06-10 09:32:00,2020-06-11 13:01:00,106.83,104.9,-3555.0599999999863,0.3684
913323680,2020-04-10 09:32:00,2020-06-11 13:40:00,196.07,206.44,41.48000000000002,0.0008
913256260,2020-06-09 09:32:00,2020-06-11 14:43:00,92.19,88.81,-111.53999999999985,0.0066
913256858,2020-06-11 11:12:00,2020-06-11 14:43:00,308.27,298.29,-7594.779999999971,0.1522
913255758,2020-06-11 11:16:00,2020-06-11 14:59:00,115.01,111.74,-7122.060000000022,0.43560000000000004
913256714,2020-06-11 09:33:00,2020-06-12 09:32:00,70.6,67.68,-39092.95999999983,2.6776
913323368,2020-06-08 10:19:00,2020-06-12 10:16:00,424.49,406.82,-15637.950000000013,0.17700000000000002
913257106,2020-06-11 09:33:00,2020-06-12 11:04:00,96.26,92.63,-36103.9800000001,1.9892
913324581,2020-06-08 10:19:00,2020-06-12 13:25:00,65.46,63.25,-12592.579999999964,1.1396
913256858,2020-06-12 09:32:00,2020-06-15 09:32:00,305.75,296.62,-45759.559999999976,1.0024
913255758,2020-06-12 09:32:00,2020-06-15 09:36:00,114.68,109.46,-72631.08000000018,2.7828
913256171,2020-06-15 13:11:00,2020-06-18 09:32:00,109.46,114.575,35718.045000000064,1.3966
913256363,2020-06-15 11:04:00,2020-06-18 09:37:00,53.8,54.23,5787.369999999996,2.6918
913256450,2020-05-12 09:32:00,2020-06-19 12:26:00,39.83,41.3,9613.799999999992,1.308
913256407,2020-06-03 09:32:00,2020-06-22 09:32:00,97.91,88.83,-1289.3599999999997,0.0284
913323467,2020-06-10 09:32:00,2020-06-22 09:32:00,318.5,298.135,-4561.760000000002,0.0448
913256042,2020-06-15 09:32:00,2020-06-23 11:45:00,31.3,32.515,47733.704999999994,7.8574
913255610,2020-06-24 09:32:00,2020-06-24 11:14:00,117.72009999999999,114.68,-18340.923299999886,1.2066000000000001
913323524,2020-05-28 09:32:00,2020-06-24 11:17:00,134.5,138.93,191721.5400000003,8.6556
913256773,2020-05-27 09:32:00,2020-06-24 15:53:00,69.41,68.18,-47323.019999999604,7.694800000000001
913255610,2020-06-24 11:15:00,2020-06-25 09:32:00,114.73,112.39,-11437.920000000016,0.9776
913256955,2020-06-22 09:32:00,2020-06-25 09:34:00,103.54,100.245,-57870.08500000003,3.5126000000000004
913256365,2020-06-24 09:32:00,2020-06-26 10:51:00,269.24,257.2,-12184.480000000021,0.2024
913256186,2020-06-26 09:32:00,2020-06-29 09:41:00,287.25,280.1408,-108998.2543999998,3.0664000000000002
913323680,2020-07-10 09:32:00,2020-07-13 10:51:00,211.635,208.79,-21903.65499999999,1.5398
950052670,2020-06-10 09:32:00,2020-07-13 14:10:00,144.69,200.6,32651.44,0.1168
913257070,2020-06-16 09:32:00,2020-07-13 15:34:00,127.19499999999998,136.055,178201.18000000055,4.022600000000001
913256281,2020-07-10 09:32:00,2020-07-13 15:34:00,126.61,125.16,-31103.950000000063,4.2902000000000005
913256858,2020-07-13 09:32:00,2020-07-14 09:32:00,340.57,330.595,-1306.7249999999956,0.0262
913256419,2020-06-15 09:32:00,2020-07-21 09:58:00,47.19,57.81,62838.54000000003,1.1834
913256965,2020-07-22 09:32:00,2020-07-23 09:32:00,128.98,122.39,-9331.439999999984,0.2832
913256164,2020-06-11 09:33:00,2020-07-23 09:33:00,247.365,306.535,63134.390000000014,0.2134
913324072,2020-07-22 09:32:00,2020-07-23 10:24:00,89.235,88.11,-1599.75,0.2844
913255610,2020-07-23 09:32:00,2020-07-23 13:50:00,121.21200000000002,118.15,-116.35600000000045,0.0076
913324169,2020-07-22 09:32:00,2020-07-23 14:15:00,68.965,67.03,-4282.155000000005,0.44260000000000005
913257399,2020-06-11 09:33:00,2020-07-24 09:32:00,189.37,194.49,12707.840000000011,0.4964
913323483,2020-06-29 09:32:00,2020-07-24 09:32:00,190.03,194.14,156303.29999999944,7.606000000000001
913255610,2020-07-23 13:51:00,2020-07-24 09:32:00,117.9,116.49,-7461.720000000058,1.0584
913324101,2020-07-28 09:32:00,2020-07-29 09:32:00,43.27,42.0,-1292.860000000003,0.2036
913256186,2020-07-28 09:32:00,2020-07-30 09:32:00,298.71,300.38,116.90000000000111,0.014
913256042,2020-07-27 09:32:00,2020-07-30 09:34:00,34.76,34.905,35048.530000000756,48.342800000000004
913323368,2020-07-30 09:32:00,2020-07-31 09:32:00,483.99,478.075,-266.1750000000009,0.009000000000000001
913256363,2020-07-31 09:32:00,2020-08-03 09:32:00,68.6,67.24,-38581.83999999998,5.6738
913323457,2020-07-31 09:32:00,2020-08-04 10:25:00,83.83,84.52,6703.349999999978,1.943
913323524,2020-07-31 09:32:00,2020-08-05 09:34:00,163.22,174.85,17270.549999999992,0.29700000000000004
913323916,2020-08-04 09:32:00,2020-08-05 09:38:00,105.62,106.355,2588.669999999998,0.7044
913257399,2020-08-06 09:32:00,2020-08-07 09:33:00,203.99,202.84,-1321.3500000000065,0.2298
913256260,2020-07-28 09:32:00,2020-08-07 11:23:00,105.23,109.78,700.6999999999996,0.0308
913255699,2020-07-14 09:32:00,2020-08-07 12:09:00,197.78,206.66,317202.47999999986,7.1442000000000005
913323558,2020-08-06 09:32:00,2020-08-07 13:12:00,145.37,143.47,-4396.600000000013,0.46280000000000004
913256186,2020-08-06 09:32:00,2020-08-10 09:32:00,312.27,311.315,-606.42499999999,0.127
913324169,2020-08-07 09:32:00,2020-08-12 09:32:00,69.15,69.28,14.949999999999477,0.023
913256422,2020-08-12 09:32:00,2020-08-13 09:41:00,88.28,86.22,-1133.0000000000014,0.11
913323457,2020-08-06 09:32:00,2020-08-13 14:52:00,86.9,88.365,5836.559999999957,0.7968000000000001
913256858,2020-08-06 09:32:00,2020-08-14 10:16:00,395.71,381.59,-5365.600000000002,0.076
913256407,2020-08-14 09:32:00,2020-08-18 09:34:00,97.48,100.16,11121.999999999969,0.8300000000000001
913257106,2020-08-18 09:32:00,2020-08-19 09:32:00,96.29999999999998,90.37,-9066.969999999967,0.3058
913323368,2020-08-06 09:32:00,2020-08-20 09:32:00,468.53,465.34,-3263.3699999999976,0.2046
913255610,2020-08-11 09:32:00,2020-08-20 09:32:00,122.31500000000001,121.5253,-31299.759500000415,7.9270000000000005
913323916,2020-08-06 09:32:00,2020-08-20 09:37:00,107.57,100.78,-18781.139999999978,0.5532
913256714,2020-08-19 09:32:00,2020-08-20 11:14:00,73.7,71.81,-2141.370000000001,0.22660000000000002
913324039,2020-08-12 09:32:00,2020-08-21 09:33:00,117.19,116.55,-176.00000000000017,0.055
913324581,2020-07-30 09:32:00,2020-08-26 09:32:00,67.81,67.93,38.400000000001455,0.064
913324210,2020-08-07 09:32:00,2020-08-26 09:32:00,189.23,184.38,-247.3499999999997,0.0102
913323444,2020-08-25 09:32:00,2020-08-26 09:32:00,75.86,75.475,-5487.020000000073,2.8504
913256365,2020-07-31 09:32:00,2020-08-26 09:33:00,300.66,323.07,39912.20999999994,0.3562
913323483,2020-09-01 09:32:00,2020-09-02 10:09:00,221.06000000000003,223.3701,67283.97259999934,5.825200000000001
913256955,2020-09-02 09:32:00,2020-09-03 09:36:00,113.11,111.78,-754.109999999999,0.1134
913256311,2020-08-07 09:32:00,2020-09-03 09:54:00,99.09,103.75,163.09999999999988,0.007
913256450,2020-08-11 09:32:00,2020-09-03 10:07:00,47.98,48.19,10471.860000000042,9.9732
913256965,2020-07-24 09:32:00,2020-09-03 10:21:00,123.37400000000001,126.7,4114.2619999999915,0.2474
913323524,2020-08-11 09:32:00,2020-09-03 10:50:00,172.0,166.57,-26514.690000000035,0.9766
913256773,2020-07-31 09:32:00,2020-09-03 11:20:00,77.66,84.08,399465.2400000001,12.4444
913323483,2020-09-03 09:32:00,2020-09-03 11:21:00,224.975,215.075,-19582.20000000001,0.3956
913256042,2020-08-20 09:32:00,2020-09-03 12:00:00,35.14,33.7607,-9988.890600000004,1.4484000000000001
913257399,2020-09-03 09:32:00,2020-09-03 15:52:00,212.91,200.6,-34111.01000000001,0.5542
913323483,2020-09-03 11:22:00,2020-09-04 09:32:00,214.22499999999997,212.87,-3947.1149999998875,0.5826
913256363,2020-08-04 09:32:00,2020-09-04 10:39:00,67.32,66.22,-16934.499999999913,3.079
913323444,2020-09-03 09:32:00,2020-09-04 10:45:00,78.0964,75.38,-36921.3088000001,2.7184
913257170,2020-09-03 09:32:00,2020-09-04 11:29:00,23.825,22.38,-90815.36000000002,12.569600000000001
913323573,2020-09-03 09:32:00,2020-09-08 09:32:00,238.95000000000002,234.81,-11703.780000000042,0.5654
913256955,2020-09-04 09:32:00,2020-09-08 09:32:00,108.83999999999999,105.0,-182357.75999999949,9.4978
913255758,2020-09-08 10:19:00,2020-09-17 09:32:00,113.87000000000002,112.08,-86571.56000000099,9.6728
913256422,2020-09-03 09:32:00,2020-09-18 09:48:00,102.76,95.46,-80540.90000000013,2.2066
913256164,2020-09-17 09:32:00,2020-09-18 12:35:00,321.2,321.93,18832.54000000047,5.1596
913324101,2020-09-03 09:32:00,2020-09-21 10:34:00,38.76,35.71,-81736.94999999992,5.3598
913256281,2020-09-24 09:32:00,2020-09-24 09:42:00,77.84,76.53,-172441.8500000003,26.327
913256281,2020-09-24 09:43:00,2020-09-24 11:01:00,76.7,75.47,-162217.32000000053,26.376800000000003
913256281,2020-09-25 09:32:00,2020-09-29 09:33:00,76.305,77.87,161819.43499999976,20.6798
913257501,2020-09-25 09:32:00,2020-09-29 10:36:00,179.35,188.25,161072.2000000001,3.6196
913256419,2020-09-28 09:32:00,2020-09-29 16:00:00,53.33,52.69,-28168.320000000025,8.8026
913257399,2020-09-28 09:32:00,2020-09-29 16:00:00,189.33,193.92,26328.239999999856,1.1472
913256396,2020-09-28 10:07:00,2020-09-29 16:00:00,138.335,137.14,-1624.0050000000294,0.2718
