name,time,last_buy_price,stop_loss_percent,close,highest_price,matr,matr_multi
913323573,2018-09-14 09:34:00,285.65,0.9526774928580751,279.38,288.7,7.095234419241837,1.2117876311338711
913323368,2018-09-17 09:31:00,348.11,0.9527502863576224,340.32,349.0376,5.381469413854167,1.560195418068069
913323916,2018-09-17 09:32:00,75.255,0.9677734425799255,76.57,78.0,1.5521773186076986,0.789810634822816
913255610,2018-09-17 09:51:00,91.99,0.9744958613125897,91.91,93.42,2.434980870995573,0.5700643506044332
913257170,2018-09-17 10:49:00,27.9,0.9652028509080542,27.78,28.53,0.7425633158761048,0.9535069321575511
913255699,2018-09-17 14:57:00,123.46,0.9273657966494586,120.41,129.23,4.0521915431603075,2.1684379156948776
913256187,2018-09-17 15:14:00,150.355,0.934413995593669,147.55,154.06,3.5367842720357783,1.8278410428531933
913256186,2018-09-17 15:33:00,186.79,0.9258471630050031,184.06,190.33,2.83065625171791,2.2053667059297726
913323457,2018-09-18 09:53:00,68.71,0.9655108971777923,70.29,71.38,1.1954028458711075,0.8977647868470215
913256311,2018-09-19 09:31:00,66.68,0.8806799296751057,52.201,67.04,1.0216802833204315,5.101442785686618
913323516,2018-09-19 09:36:00,7.195,0.9483166106029157,7.04,7.23,0.11152251471582646,1.4383932212996158
913254465,2018-09-19 10:12:00,146.27,0.926444248669237,141.0075,153.08,4.308371060665776,2.797245726565218
913256965,2018-09-19 10:17:00,117.425,0.9282985890340354,117.04,120.77,1.6276721362873727,2.284191059825046
913323444,2018-09-19 10:51:00,74.61,0.9464305883373458,73.65,74.85,0.7331959600964842,1.5945790048550275
913324210,2018-09-19 11:24:00,120.72,0.9495637194518594,120.36,122.8,1.3795886325732438,1.7494029382498772
913324581,2018-09-19 11:35:00,48.74,0.9121687231326094,47.285,48.835,0.5922089187745067,2.5933953163904504
913256365,2018-09-19 12:10:00,215.14,0.939427945207493,210.655,215.45,2.49516964642561,1.9106528156903804
913256419,2018-09-20 09:45:00,34.37,0.9653045898420531,33.94,34.53,0.5886678302060416,0.9949609657033992
913323312,2018-09-21 09:31:00,27.280000000000005,0.9703109113043564,28.02,28.67,0.717496207044543,0.8547367315160654
913256281,2018-09-21 13:04:00,99.47,0.9398269972497554,97.8,101.44,1.9791915897028718,1.7833074304048655
913255758,2018-09-24 10:57:00,89.835,0.9329807005733677,87.66,90.47,1.2827345132532704,2.159667011562587
913323558,2018-09-28 09:31:00,90.55,0.9612318134399528,89.66,91.41,1.9366268173143497,0.8608053874432263
913256616,2018-10-01 09:49:00,146.045,0.9195494870751132,136.49,148.5576,4.082166351034785,2.900500341173946
913257106,2018-10-02 15:00:00,98.3,0.9441477690791603,97.04,100.585,1.5904327531897071,2.2252534395768557
913323467,2018-10-04 09:33:00,153.72,0.9533143707034852,160.195,164.5799,3.4868065860225967,1.2264536904183083
913323930,2018-10-04 09:37:00,352.575,0.9311975370520567,344.42,362.32,14.879378690422346,1.1929453698507049
913256422,2018-10-05 09:41:00,130.46,0.8829269351603325,125.82,135.69,2.357558316095446,4.1344514397676075
913256171,2018-10-05 12:27:00,136.435,0.9284078262641403,131.1605,136.69,3.335713933150961,1.5865034752137548
913257070,2018-10-08 09:31:00,115.16,0.9618584995516565,112.59,115.75,2.7773264230227195,0.9560226097702855
913324581,2018-10-23 10:58:00,48.35,0.9708186756806998,48.83,49.38,0.7633863201126271,0.6877773237578014
913256281,2018-11-09 09:50:00,99.03,0.9314219696995528,96.14,101.72,3.927902483193729,1.4082230590427667
913256260,2018-11-09 13:59:00,45.22,0.9744994907304365,45.86,46.73,1.268488316616628,0.6794888299136123
913257399,2018-11-15 09:31:00,93.83289999999998,0.9813064163103968,91.27,95.15,3.224760591287371,0.47028874140290106
913323368,2018-11-20 09:31:00,343.3450000000001,0.948964671620979,344.9995,358.42,9.289254859575953,1.007036919143307
913323573,2018-11-20 09:31:00,319.16,0.9228168398494773,303.395,322.13,9.783034088259472,1.5123748883602184
913256186,2018-11-21 09:36:00,155.26,0.9904069925383401,152.18,0.0,5.9430162328706615,0.225430192399452
913324210,2018-11-21 09:40:00,123.89000000000001,0.935283835725666,120.59,124.5,2.5470542586612845,1.4870274920010706
913256186,2018-11-21 09:41:00,153.86,0.9904069925383401,152.23,0.0,5.9430162328706615,0.225430192399452
913256955,2018-11-27 09:33:00,75.34,0.9663314711527512,74.13,75.8,2.4920047877257048,0.6428381642307391
913324169,2018-12-04 09:33:00,55.14,0.9823699240865376,56.58,57.24,1.557728640669776,0.2969151214337016
913323461,2018-12-04 09:43:00,158.24,0.9877300371482192,156.27,0.0,5.3451215335460045,0.17686275178341349
913256878,2018-12-04 09:52:00,68.39,0.9895364242355561,67.62,0.0,2.693430527924792,0.15204449353054691
913323461,2018-12-04 10:01:00,156.2,0.9877300371482192,154.205,0.0,5.3451215335460045,0.17686275178341349
913256878,2018-12-04 10:23:00,67.46,0.9895364242355561,66.6,0.0,2.693430527924792,0.15204449353054691
913256965,2018-12-04 12:29:00,110.73,0.9536675379332956,111.08,113.16,2.4327622929722486,0.8426591571918146
913323467,2018-12-04 13:38:00,138.14,0.9329481186508092,131.93,140.08,5.113918086947814,1.5452999391218114
913323916,2018-12-04 15:56:00,85.83,0.9360090265416923,91.28,94.98,2.8522788322097634,1.2916223395548942
913256714,2018-12-06 09:31:00,58.19,0.964516136898737,55.07,58.37,1.4563557445001305,0.7305403796106248
950052670,2018-12-06 10:29:00,41.64,0.9924274166800894,41.28,0.0,2.097450141524128,0.11924273719461727
950052670,2018-12-06 13:20:00,41.48,0.9924274166800894,41.1,0.0,2.097450141524128,0.11924273719461727
950052670,2018-12-07 09:32:00,42.79,0.9927574024835428,42.13,0.0,2.08334655998669,0.11396566645352627
950052670,2018-12-07 09:36:00,42.2739,0.9927574024835428,41.72,0.0,2.08334655998669,0.11396566645352627
913323467,2018-12-07 10:23:00,135.58,0.9227753490678211,124.61,0.0,5.559850799460106,1.77974496737427
913256878,2018-12-07 10:36:00,65.93,0.9882202656330298,65.13,0.0,2.7069640776494373,0.17217942222524493
913323516,2018-12-07 12:00:00,6.171,0.9696060512802508,6.26,6.37,0.1865781856506655,0.5473822527452521
913323916,2018-12-10 11:07:00,88.88,0.9473677646929904,86.26,89.84,3.085097155380777,1.1403802824968583
913255699,2018-12-11 11:02:00,105.65999999999998,0.9685090841989394,106.34,109.5,5.773571135852787,0.526379836745411
913256162,2018-12-12 09:31:00,35.255,0.9579210141931372,34.34,35.375,1.441032205689833,0.6975899860580778
913256773,2018-12-12 14:43:00,57.58,0.9731206513403603,57.24,58.34,1.5263628489065133,0.6890424798713786
913256422,2018-12-13 12:02:00,119.44,0.9482370844067245,118.44,122.76,3.4070364749636264,1.174599247646045
913256450,2018-12-17 09:31:00,56.255,0.8847091221559084,53.77,60.45,1.5337273593455953,4.0921029027839735
913324581,2018-12-17 10:28:00,53.27,0.9278332669638316,52.79,54.1076,0.9499945557010063,1.3702394964772262
913256955,2018-12-17 15:31:00,73.64,0.9404150108627557,70.92,74.7,2.6718945160027814,1.4028541036785356
913323916,2019-01-11 09:31:00,88.52,0.989261817326915,89.73,90.84,3.2635741335623965,0.19493185229601118
913256773,2019-01-16 10:52:00,54.04,0.9841777585592997,54.2753,54.96,1.4957341421092574,0.4557262928940529
913323461,2019-01-17 09:39:00,143.5,0.915102136609079,136.9,147.06,5.304781587604366,1.8944385774193981
913257399,2019-01-22 12:27:00,92.4946,0.9531943710180468,92.97,97.11,3.22020983739327,1.274391779907466
913324169,2019-01-22 13:03:00,50.88,0.9515078042287451,51.93,53.75,1.544940269009802,1.1605098462406378
913256419,2019-01-23 09:31:00,32.79,0.9710911049096446,33.26,34.75,0.9401897373544131,0.6864288773693442
913254235,2019-01-28 09:31:00,20.0307,0.952815930833432,20.5876,22.03,1.241114369553111,1.0888477718806653
913256171,2019-01-28 09:54:00,107.25,0.9622763683411455,117.13,121.59,3.9991082227611443,1.0916615001697219
913324210,2019-01-28 11:55:00,111.46,0.9583972378874985,115.33,117.78,2.114660108094365,1.1330326796113748
913256616,2019-01-29 09:31:00,140.54,0.9824998569380439,141.29,145.0,5.511234815943844,0.39193511452429075
913256878,2019-01-31 09:31:00,80.01,0.0,79.722,0.0,0.0,0.0
913323467,2019-01-31 09:31:00,149.2504,0.0,146.49,0.0,0.0,0.0
913256407,2019-01-31 09:31:00,96.48,0.0,96.05,0.0,0.0,0.0
950052670,2019-02-01 09:31:00,49.46,0.0,49.0,0.0,0.0,0.0
913323444,2019-02-01 09:31:00,66.3153,0.0,71.29,0.0,0.0,0.0
913257070,2019-02-04 10:00:00,89.46,0.9550396162371301,88.87,92.8,2.911558102143268,1.3022424943754234
913256162,2019-02-05 09:31:00,33.91,0.9667836037517623,38.68,40.0,1.4590830050233523,0.8701630190812049
913256858,2019-02-07 09:31:00,207.8467,0.0,206.73,0.0,0.0,0.0
913256171,2019-02-07 09:31:00,122.8,0.0,119.0065,0.0,0.0,0.0
950052670,2019-02-07 09:31:00,52.3,0.0,50.735,0.0,0.0,0.0
913256878,2019-02-07 09:31:00,81.52,0.0,80.9,0.0,0.0,0.0
913323444,2019-02-07 09:31:00,73.485,0.0,73.0,0.0,0.0,0.0
913323461,2019-02-07 09:31:00,175.69,0.0,174.28,0.0,0.0,0.0
913255610,2019-02-07 09:31:00,83.88999999999999,0.9552529051850509,87.55,94.08,2.5849631547490124,1.1054524992946033
913257106,2019-02-07 09:31:00,91.4034,0.9753285776545065,92.09,93.39,1.7820378639964904,0.6988418467303306
913256955,2019-02-07 09:31:00,80.2,0.9433715142241177,87.27,91.74,2.9528097500753527,1.3428595449376237
913323558,2019-02-07 09:31:00,75.24,0.9625105399990291,83.72,87.48,2.813998350150117,0.6558336900110306
913256187,2019-02-07 09:36:00,139.21,0.9732158918008303,150.47,153.65,4.008536291979807,0.7682192642224963
913256450,2019-02-07 11:34:00,58.57000000000001,0.9572528208961023,60.48,62.115,1.265928138259205,1.290160186831624
913323312,2019-02-11 14:45:00,24.32,0.9370510689212175,23.29,24.35,0.7586397240648509,1.3967073356809994
913257170,2019-02-11 14:49:00,25.09,0.9268251615025265,24.19,25.48,0.7912287411620018,1.6300043736307912
913256714,2019-02-13 09:59:00,58.87,0.9796366796747638,57.56,0.0,1.2223437198893194,0.38457339193736256
913256714,2019-02-13 10:29:00,57.54999999999999,0.9796366796747638,56.33,0.0,1.2223437198893194,0.38457339193736256
913256773,2019-02-14 09:31:00,58.300000000000004,0.9739988840527423,58.24,59.39,0.9799683967366267,0.8068276135950363
913323573,2019-02-19 09:31:00,287.04,0.9845266523706965,301.51,308.525,6.838518229858728,0.4831536076442722
913323368,2019-02-20 09:31:00,391.39,0.9563496104370296,382.05,394.335,8.557053637989412,0.6174065384934535
913256311,2019-02-20 09:35:00,49.69,0.950469322197089,53.17,54.15,0.8791681187306456,1.1105899450021677
913256407,2019-02-21 14:47:00,97.3046,0.9450017058654262,98.02,100.12,1.6374502938133082,1.268350946593269
913256422,2019-02-25 12:30:00,127.3103,0.9536905178705077,125.98,129.67,2.73426330254912,1.3406318162921058
913324169,2019-02-27 09:31:00,55.87,0.9475747680203725,54.77,56.68,1.0826157543282937,1.584503640104306
913324101,2019-02-27 09:51:00,47.96,0.949772655555348,50.11,52.24,1.8480604467404385,1.1314866800447738
913255758,2019-02-28 12:01:00,92.85,0.9345612873739185,93.85,97.0599,1.5848139509278498,2.008006882702903
913255699,2019-03-01 09:48:00,119.81000000000002,0.9693922855798127,135.44,139.04,3.3611451225674274,1.0234287245013252
913323457,2019-03-01 10:22:00,61.56,0.9312752015899983,67.6,70.32,1.1908012039814617,2.2622097104267103
913323916,2019-03-04 10:31:00,126.63000000000001,0.9741477579874148,123.26,0.0,2.977659664950887,0.6388227820067502
913323916,2019-03-04 11:45:00,123.3859,0.9741477579874148,120.19,0.0,2.977659664950887,0.6388227820067502
913256186,2019-03-04 11:57:00,159.46,0.9347235763494387,178.485,184.97,3.4911285082807337,1.8554363462792456
913256164,2019-03-04 12:18:00,246.92,0.9475260281476998,253.39,264.46,7.27181102293431,1.5035693462512119
913257399,2019-03-05 14:32:00,116.95,0.9645331780181325,115.54,117.75,2.618145236167392,0.8366165615588864
913256396,2019-03-06 09:31:00,106.21,0.9299253474434956,104.38,107.14,1.5516293750755736,1.5446688983465227
913256419,2019-03-06 09:55:00,35.08,0.9248938804115489,36.95,39.13,0.7542220890291527,2.874323395097229
913256365,2019-03-06 10:23:00,182.49,0.9480470365565139,204.0,209.45,2.6778481928160196,2.0313462551941104
913323916,2019-03-06 10:32:00,122.52,0.9650419245238528,121.21,124.212,3.2010075682484698,0.9000000504341653
913323680,2019-03-07 09:52:00,164.8,0.9376965817275015,175.96,181.16,2.8057500484224778,1.8129802650332763
913323573,2019-03-07 13:10:00,312.51,0.9793265409310498,306.0,0.0,6.1622716678849025,0.6064334537855688
913323483,2019-03-08 09:31:00,91.83,0.9586215658145693,101.975,104.17,1.7347600487261643,1.2635253711637033
913323444,2019-03-08 09:31:00,73.2236,0.943647328147489,75.57,77.845,0.9161404736377938,2.1584816511235068
913323930,2019-03-08 09:31:00,460.01000000000005,0.950889885216072,440.875,462.0,16.94911777723313,0.9567226879878953
913323573,2019-03-08 09:31:00,305.98,0.9757491649002124,297.0,312.51,6.295680834464551,0.7326248531128096
913256714,2019-03-08 09:32:00,56.71,0.9157974855569045,54.87,58.02,1.0884558651527576,2.76184187022731
913324581,2019-03-18 11:27:00,50.625,0.9606928784465955,56.1,56.89,0.6541937302384758,1.1341260193263165
913256365,2019-03-22 09:31:00,202.81000000000003,0.956662019220304,202.6892,208.45,2.749783233342233,1.6450471738129044
913323461,2019-03-22 10:49:00,180.255,0.9689876405844298,180.735,186.585,5.2777673641680565,1.0773103312770322
913255758,2019-03-22 11:16:00,97.55,0.9612521274779402,97.16,99.29,1.5313969837937396,1.3580442858529567
913256260,2019-03-25 09:31:00,46.15,0.9549100030958899,61.31,63.24,1.055816242140107,1.7340624065476602
913256186,2019-03-25 09:31:00,178.0,0.9296652685018895,175.56,184.11,3.17820084379788,2.505577173621049
913324169,2019-03-25 09:31:00,55.24,0.9537897679992021,53.79,55.35,1.0808076151434218,1.167607454160692
913256878,2019-03-28 11:28:00,85.43,0.9448379067659619,85.19,87.54,1.8682158792882642,1.2376320021874827
913254235,2019-04-09 10:02:00,25.670100000000005,0.9191987102794248,27.785,29.9498,1.1779192506545855,1.797419075840079
913256311,2019-04-10 15:51:00,64.38,0.9768537599328782,64.11,64.64,0.9792968656918424,0.5124848796185472
913256281,2019-04-11 10:09:00,91.845,0.9570317501107043,91.2898,92.82,2.2467337299779966,0.6152091792978458
913323930,2019-04-17 09:37:00,505.18,0.9567543680545828,498.02,518.02,14.688065065820977,1.345844010366618
913256965,2019-04-17 09:53:00,107.96999999999998,0.9397814826218159,129.59,132.755,2.222212454108272,1.3880919839730632
913324210,2019-04-18 09:32:00,126.46999999999998,0.9449424966038418,136.36,138.93,1.4945153759454557,1.7114744675558995
913323573,2019-04-22 09:34:00,307.52,0.9525497789389136,349.89,359.58,6.965839682469708,1.320966648792848
913257106,2019-04-22 14:44:00,98.71,0.906736299389083,97.36,100.76,1.4270464858806735,2.381427490517419
913256773,2019-04-25 09:31:00,54.83500000000001,0.9655278990992785,55.91,57.15,1.239107455090125,0.857005150314086
913323558,2019-04-25 09:37:00,83.31,0.894727942707456,88.8379,94.39,2.072765186148849,2.6341176802726785
913323467,2019-04-26 09:33:00,172.83,0.9699959517453375,176.4,179.495,4.086349276704149,0.6774197543592
913256186,2019-04-30 09:32:00,194.075,0.9586241469708711,192.05,195.24,3.016394638511131,0.7963039259782624
913323461,2019-05-01 09:59:00,207.26,0.9724470505702214,206.01,208.8,4.9006631884487994,0.552079691710486
913256407,2019-05-01 15:54:00,110.02,0.9445241459298093,109.71,111.61,1.7376722250194414,1.0734645082172003
913255610,2019-05-01 15:55:00,97.04,0.9604021375243307,105.01,107.6999,2.998323900578783,0.8773149828806042
913323368,2019-05-02 09:31:00,398.76,0.906559057791494,373.99,414.63,8.098061510470517,4.265437000981856
913256365,2019-05-03 09:31:00,216.26,0.9727271904781649,218.6,219.95,2.8034241011557395,0.44557893678757043
913256450,2019-05-06 09:31:00,70.64,0.8961215597572696,67.19,71.68,1.2090663497692977,2.4733604722508784
913257034,2019-05-06 09:31:00,232.46,0.9760985502254926,228.68,234.49,6.613268561718954,0.4657396782691958
913323467,2019-05-06 09:31:00,176.8345,0.9677794357120241,174.92,178.98,3.5614132723901015,0.7326424218824737
913323461,2019-05-06 09:31:00,206.92999999999998,0.9510345743082727,199.44,208.81,4.676197093666915,1.0888556992314122
913256773,2019-05-06 09:31:00,62.52,0.9529034684110861,61.615,64.1,1.692616837060548,1.3203259286310132
913256858,2019-05-06 09:32:00,243.26999999999998,0.9473647312423035,244.7,251.265,5.531443324720944,1.1410620175340707
913256714,2019-05-07 09:32:00,63.0,0.9518387664715898,67.74,69.34,1.4095813224250164,1.1303647659963287
913256955,2019-05-07 09:49:00,95.835,0.8944289914342091,94.505,101.35,2.3274236515075426,2.9142609862421422
913255699,2019-05-07 09:49:00,132.98,0.9562049969709203,131.69,135.5388,3.8108179951717185,0.8305774454161542
913323680,2019-05-07 09:52:00,193.74,0.9580513470847456,194.43,197.48,3.3831632744361766,0.8781179170409545
913323483,2019-05-08 09:40:00,117.01,0.9553941946142384,118.72,122.36,2.0065370157403666,1.771866328850429
913256260,2019-05-09 09:31:00,64.62,0.9491483986432148,68.04,70.49,1.4440489313034839,1.4856357572584609
913256171,2019-05-09 09:31:00,135.455,0.9425901540235139,131.89,137.52,3.9509982352601583,1.1639791412765323
913256186,2019-05-13 09:33:00,192.72,0.9002009281229495,187.5,197.05,4.011172199798717,2.3765860225842816
913256187,2019-05-13 10:06:00,177.23,0.9174921023471401,167.295,178.95,4.118197977560326,2.7730194759447877
913324169,2019-05-13 11:54:00,59.06000000000001,0.8564877258530976,53.27,59.29,1.350639109141398,4.4510503745546615
913323444,2019-05-20 09:31:00,83.49,0.9588283093357919,85.0663,86.98,1.418475200439275,0.9502528142824193
913256965,2019-05-23 09:31:00,118.45000000000002,0.9721759664634182,117.2784,118.855,2.291482205684776,0.4344158388303261
913254235,2019-05-23 09:31:00,27.54,0.9844545041007119,26.96,27.59,1.116085033825188,0.24351476264195399
913323524,2019-05-23 09:37:00,99.36,0.9319212424817437,102.685,109.44,3.1699970095822696,2.1214652635106703
913256164,2019-05-29 09:31:00,318.3789,0.9130615930558916,300.97,334.64,10.245931417072242,2.6464391552987827
950052670,2019-05-29 09:31:00,54.66,0.9625515807033762,53.555,55.1,1.8680344719542223,0.6705346148035056
913324581,2019-05-29 10:45:00,58.49,0.8842465864295216,57.645,59.615,0.7811912650622006,2.519535926110198
913256878,2019-05-29 11:12:00,77.84,0.9221613034890801,79.0,84.04,2.393848792208821,2.084906470340966
913324210,2019-05-29 11:54:00,143.14,0.9324381264565734,139.53,144.4403,2.0745319217334344,2.365530820360373
913256363,2019-06-03 09:55:00,61.975,0.9518673950981836,60.76,62.325,1.4055904841003848,1.0757082175037131
950052670,2019-06-03 09:58:00,56.07000000000001,0.9626941297278386,53.87,0.0,1.87700332903915,0.6524730494987553
913323916,2019-06-05 10:27:00,108.9,0.9666173986465078,105.21,0.0,3.9695402507935054,0.7567113817035644
913256311,2019-06-11 11:29:00,66.83,0.9655614040332479,74.32,75.5,1.4057961243509616,0.8109905745429437
913257501,2019-06-13 10:06:00,66.915,0.8959000097849092,65.95,71.68,2.2361719838599985,2.512648664563432
913323916,2019-06-14 09:31:00,107.64000000000001,0.9239751118322426,103.97,114.01,3.706954354773187,1.982687857109442
913256965,2019-06-14 09:31:00,114.34,0.9768354425601156,112.63,114.95,2.3362907421355037,0.4041017667206377
913323368,2019-06-18 12:07:00,389.99,0.9583349819235274,383.53,391.15,6.7069318460133625,1.113464433443772
913256281,2019-06-19 09:34:00,84.5,0.9715513923673595,85.35,86.63,2.326035139033881,0.5388238720089553
913256616,2019-06-21 09:48:00,148.5,0.9316349103453198,151.8273,157.5,4.495943049502582,1.2435398238319042
913323516,2019-06-21 09:59:00,5.725,0.9625627912890597,5.64,5.765,0.12316525502792468,1.0117043927905698
950052670,2019-06-24 09:53:00,54.5,0.9460249932821934,52.436,54.87,2.25520953832209,1.069335544381413
913323930,2019-06-24 09:59:00,628.11,0.934600260895815,623.0071,671.075,24.1049186715567,1.9716836415362715
913256171,2019-06-25 09:37:00,122.07,0.935496689141614,126.39,132.77,4.292404749580356,1.468946866645248
913256407,2019-06-25 12:37:00,110.95,0.9495289017731924,109.63,113.375,2.245096995673994,1.6642641074469802
913256260,2019-06-25 12:43:00,68.46,0.9378163303726805,70.51,73.0879,1.5746574519790857,1.6298347527205355
913255610,2019-06-25 15:19:00,94.9318,0.9457204191352193,95.65,99.59,3.071370090097741,1.2667147412798951
913256419,2019-06-25 15:53:00,39.81,0.9102153287615296,38.9311,40.55,0.6934353718974821,2.3326764968800227
913324154,2019-06-28 10:47:00,47.3,0.9703683142274269,46.74,47.57,1.267156912021771,0.6402507122647048
913323558,2019-07-02 09:35:00,70.8129,0.963695221934457,81.16,84.5,2.5317729094548804,1.3099714570308287
913256186,2019-07-02 13:30:00,199.55,0.9550329018272434,207.01,211.63,4.276775720991687,1.074184753441621
913324154,2019-07-03 09:37:00,47.98,0.9700411684628314,47.95,48.815,1.263499903685069,0.6473193384105211
913323483,2019-07-05 09:31:00,132.08,0.9693241906826512,132.83,135.24,2.565248745848193,0.7196681954061073
913323524,2019-07-05 09:47:00,107.65,0.9543921040123575,115.76,118.49,2.5763085422484657,1.0187173216910135
913256171,2019-07-08 09:33:00,131.685,0.9353384186119998,128.08,134.84,3.97716502796658,1.6832276909927535
913256042,2019-07-09 09:31:00,30.305,0.958885097207941,30.5852,31.5,0.6477546349094362,1.0270591209016775
913256878,2019-07-11 09:31:00,82.95,0.9687025674863036,83.83,85.06,2.3615055334816732,0.5053645525051315
913256965,2019-07-11 10:17:00,119.67680000000001,0.9509737414536221,118.95,120.99,1.851091256278504,1.0818517882007648
913256714,2019-07-16 10:16:00,75.14,0.9383924282695082,75.1,76.47,1.0553772816732978,1.2577041981595674
913256365,2019-07-16 15:09:00,236.92,0.9604133642147576,241.37,243.77,3.0537968935919544,0.7689609619687775
913257170,2019-07-17 09:31:00,27.030000000000005,0.9190729459156831,26.09,27.4566,0.594119254463468,2.110180688954087
913256616,2019-07-17 09:37:00,150.52,0.952896840607612,146.55,153.0,4.753439366591426,1.1875131732225295
913323680,2019-07-17 10:11:00,215.37,0.9403014994853535,217.38,221.78,3.4837708632367526,1.2534973598518757
913256419,2019-07-18 13:25:00,40.35,0.9272716167002536,39.3,41.1,0.7053897741163881,2.4842152584223713
913323444,2019-07-22 09:31:00,85.63,0.939207589336678,84.74,86.15,1.1402278484437987,1.182619391474886
913324210,2019-07-22 09:32:00,150.26,0.9360714650813003,151.4379,153.82,1.9046620095712663,1.247018831723196
913256260,2019-07-23 09:51:00,72.77,0.920054678344799,71.25,75.58,1.3384813253022803,3.2293048938349895
913324169,2019-07-25 09:31:00,56.02,0.9614779511437086,64.58,65.73,1.1486515627306229,0.9486251173785849
913256955,2019-07-25 09:31:00,82.54,0.9866716658917084,98.01,100.06,2.3105715257007504,0.3027833117718615
913256396,2019-07-25 09:31:00,97.65,0.8809601354852375,96.9,102.62,1.32284735767705,4.0905394055981885
913256164,2019-07-25 09:31:00,283.53,0.9058069246447524,218.33,288.81,8.39942919089608,2.3074047012642462
913323916,2019-07-26 13:08:00,118.38,0.9173836589663824,122.05,133.0,3.6284675403621396,3.01669259580474
913323573,2019-07-29 09:50:00,355.0,0.9550980752471024,348.95,355.87,7.397831469137113,0.9239670923719592
913323467,2019-07-29 10:13:00,178.18,0.9471410540493415,189.79,193.71,3.7938145753758548,0.9897811177590013
913324169,2019-07-31 09:31:00,63.89999999999999,0.9322434815385595,61.93,64.58,1.1002161152423295,2.0330368298245487
950052670,2019-07-31 11:30:00,53.97,0.9695638326389348,52.31,0.0,1.6825011083102785,0.46705140847152193
913323368,2019-07-31 14:45:00,388.33,0.9538064134973486,379.74,390.535,8.746443183272385,1.227134094366977
913323461,2019-07-31 14:49:00,207.685,0.959263713658285,208.545,212.72,5.374635431676213,0.6952895323761895
913256955,2019-07-31 14:50:00,96.42,0.975541822386068,93.98,0.0,2.2127346247797566,0.555622927642827
913255699,2019-07-31 14:51:00,121.34,0.937407955091257,135.23,142.0589,3.4714899945789326,1.9187131731180576
913256858,2019-07-31 14:54:00,283.76,0.9219659079141941,278.68,292.05,4.410295761173953,2.885365818436642
913256773,2019-07-31 14:54:00,65.165,0.9190208306472593,63.78,65.68,1.0824054544993342,1.632665445627347
950052670,2019-08-01 09:31:00,52.67,0.9660385214457486,51.68,54.2,1.769286743430973,0.5262402324069007
913256955,2019-08-01 09:31:00,93.78,0.9690571755954757,94.975,96.73,2.3411107230097734,0.7380444499692682
913257399,2019-08-01 14:22:00,139.25,0.9575771402425016,136.5,139.625,3.137336297206313,0.9847340439069144
913256363,2019-08-02 09:46:00,65.86,0.8831696483415088,64.67,67.88,1.215325183392873,2.639542665485112
913256422,2019-08-02 15:55:00,118.94,0.867175864991921,128.93,144.0,2.75447944482229,5.470586241313124
913255758,2019-08-05 09:31:00,112.435,0.9232791045519759,110.72,120.82,2.468737081141743,2.473003455989874
913257501,2019-08-05 09:31:00,74.57,0.976608337323119,73.03,75.38,2.5647149567312764,0.32335802348023046
913323516,2019-08-05 09:45:00,6.225,0.9303156933393448,6.206,6.38,0.11049385220745708,1.5459227470765753
913255610,2019-08-20 09:34:00,105.495,0.954838574416506,103.015,106.55,3.2717163709178347,0.9861931448939772
913324581,2019-08-20 10:02:00,61.76,0.963673179109585,61.79,62.52,1.0784237744589606,0.6628661856433001
913256171,2019-08-23 15:56:00,114.07,0.908555069864889,115.01,125.51,4.178827819879809,2.495604653664358
913257106,2019-08-27 12:35:00,106.5,0.9362660738816041,103.475,107.94,2.6323714820586406,1.683494571041471
913257501,2019-08-28 09:31:00,77.76,0.955431288395374,73.27,77.76,2.5196829396230918,0.7931666998341905
913256407,2019-08-30 09:31:00,96.4343,0.9496139713359185,98.56,104.23,3.022862852173201,1.5990126015278276
913323573,2019-08-30 09:31:00,339.36,0.9150957398850672,252.255,342.0,10.278737086180158,2.417583154992083
913256171,2019-08-30 10:29:00,112.53,0.9023867526765341,101.32,114.21,4.394597652255449,2.914993763718687
913256450,2019-09-03 09:31:00,30.949999999999996,0.9648367496005159,30.23,31.1,0.7759208892251511,0.6825849503463931
913257399,2019-09-06 09:31:00,145.78,0.972262852660168,151.085,155.32,3.700968557193766,0.6325587757569093
913256616,2019-09-06 13:36:00,172.8664,0.9169754078006591,162.36,172.96,5.045927259422334,2.038600007642345
913323444,2019-09-09 09:32:00,83.18,0.9741711515433478,83.52,84.472,1.414019943943477,0.421629256591317
913256365,2019-09-09 09:52:00,267.85,0.9535644757428648,263.11,268.925,4.947379787695963,1.1585556841994447
913324581,2019-09-09 14:22:00,63.92,0.9002194201379042,63.39,66.05,1.0131318117743902,2.6062687231348893
913324210,2019-09-10 09:32:00,155.75,0.9091047384476175,157.255,164.97,2.5893843672078445,2.6787589162805907
913323483,2019-09-10 10:09:00,139.66,0.9735236994835945,135.9,0.0,3.6308888961110632,0.5493636414145846
913323483,2019-09-11 09:31:00,135.995,0.9710627437749748,135.465,140.54,3.8622539749602733,0.6107528160080329
913323916,2019-09-11 15:22:00,104.99,0.9628815075177799,104.26,107.48,3.3992950545363136,0.9463920718159121
913323558,2019-09-13 09:31:00,83.825,0.971982580871106,82.31,84.05,2.1853737305967136,0.6095003760831891
913324101,2019-09-16 09:31:00,47.41,0.9530862323125999,62.97,65.305,1.9154729399804205,0.9669547373711287
913256363,2019-09-16 09:31:00,65.455,0.9608246478185581,63.94,65.62,1.1841420049804021,1.1867769309751859
913323368,2019-09-16 14:00:00,378.14,0.8996440030285945,382.91,409.17,7.92780992060009,3.287261222334046
913256419,2019-09-18 09:35:00,40.26,0.9873649991064769,40.4,40.66,0.8634705055747458,0.20051310567992514
913323312,2019-09-18 09:38:00,26.59,0.9903167211060199,26.33,0.0,0.6335729906142902,0.15774001527127735
913323312,2019-09-19 10:13:00,26.3,0.9820679537821925,26.475,26.68,0.617603491284698,0.30502556673734266
913257170,2019-09-19 10:38:00,27.34,0.9735961606324145,27.125,27.43,0.6167689750500385,0.48659327673890457
913323516,2019-09-20 14:33:00,6.36,0.9557504950130609,6.28,6.39,0.11326474357782093,0.9653030870117243
913323524,2019-09-23 09:31:00,131.53,0.9781281364545259,128.736,132.0,3.6700528862186186,0.4035296749680033
913256955,2019-09-23 09:31:00,92.77,0.9720468555384104,90.37,93.22,2.411340140186032,0.5175942497506335
913255610,2019-09-23 09:31:00,108.805,0.9480335012919997,104.82,108.92,2.8573598724210187,0.8652248327067301
913323457,2019-09-24 10:42:00,66.54,0.9212662315642122,68.99,72.42,1.5407626115275086,2.22369296260576
913255699,2019-09-24 11:45:00,121.4436,0.9709192244893814,120.03,123.4,4.167824011813183,0.7088177942093623
913323461,2019-09-24 12:31:00,234.82,0.9571982648038868,235.13,240.08,5.634981963880685,0.822524220376811
913257070,2019-09-25 11:52:00,94.135,0.9061022707991553,95.89,101.77,2.2529824749647243,2.603124643705505
913256311,2019-09-26 09:48:00,81.9,0.9650490350674646,80.79,82.02,1.5926210826748228,0.7672314459591605
913323461,2019-09-27 09:42:00,233.505,0.9296126892642302,235.93,244.98,5.747527468894265,1.5659553137173232
913257399,2019-09-27 09:59:00,156.6641,0.9641847890317731,159.01,162.68,3.8898842162477774,0.9131839878377478
913256422,2019-09-27 12:58:00,133.01,0.9546543751906073,131.47,133.7423,2.330425679009508,0.9469508827976407
913256955,2019-09-27 14:51:00,90.43,0.9547915852169477,91.06,93.33,2.5022565687175464,0.89236261394025
913323467,2019-09-27 14:53:00,195.39,0.9302131319984406,188.6521,197.1433,5.242671686382799,1.5539332684894926
913256311,2019-09-30 09:32:00,81.0484,0.9704236771959496,79.97,81.07,1.577260015163495,0.6346469330709866
913323457,2019-10-01 11:55:00,68.27,0.9558954605551911,68.32,70.205,1.4907983610286684,1.2456529889379773
913324169,2019-10-01 11:59:00,58.53,0.9786743739423243,57.28,0.0,1.311907977694963,0.49527193374260203
913256450,2019-10-01 12:16:00,31.78,0.9234696566295756,31.685,32.855,0.7345763051264501,1.5800744599938379
913256714,2019-10-01 13:12:00,68.415,0.9510156572525623,67.51,68.83,1.2124218491776193,1.0525203100388638
913256042,2019-10-02 09:36:00,28.15,0.9321661414550595,26.81,28.29,0.630382030824822,2.26238559675036
913323483,2019-10-02 09:40:00,140.97,0.937382214477323,134.515,141.0,3.5872460227908762,1.76192897316826
913255610,2019-10-02 12:22:00,104.73,0.8947411779217206,106.95,113.5,3.1714590609048363,2.0644700379750356
913323573,2019-10-03 10:06:00,245.58,0.9365088407129593,252.6892,267.25,9.69200239589604,1.4480447326814039
913257501,2019-10-04 10:26:00,73.4,0.9462437249127875,83.32,88.19,3.1590679313024475,1.5234926677547127
913256365,2019-10-07 09:55:00,261.09,0.9721494180065566,260.4075,263.18,5.470934224035372,0.49838930066498693
913256396,2019-10-14 09:37:00,96.59999999999998,0.9681175402069067,97.99,99.41,1.4188668967245464,0.9320741140256736
950052670,2019-10-16 09:31:00,45.9,0.9836587081351388,66.51,68.11,2.095703892240631,0.4280557199754225
913255699,2019-10-16 09:39:00,118.53,0.9216216774371188,114.8452,123.0,3.4562506531821127,2.302225237920182
913256363,2019-10-17 10:33:00,61.47,0.9743370856973702,61.305,61.975,1.1296728518384334,0.58011819870658
913256773,2019-10-18 09:35:00,57.2,0.9531214726578128,56.23,57.28,1.211633403127318,0.8512556759849719
913323930,2019-10-18 10:10:00,565.5013,0.9443579838263123,543.185,572.93,17.961238127973047,1.6417199254985868
913323444,2019-10-21 09:33:00,84.69,0.9572309267828172,84.38,85.4,1.4119611798298135,0.5840682855707426
913256407,2019-10-21 09:46:00,113.68,0.9816629928532602,116.66,118.04,2.1615270198318837,0.5529023699666805
913256260,2019-10-22 09:49:00,70.01,0.9513990159320402,66.52,0.0,1.579172784955392,0.7780184020408485
913323680,2019-10-22 11:18:00,186.39,0.960098178768484,184.41,188.2,3.6464448489102455,0.8649385645120399
913256260,2019-10-22 12:42:00,66.4,0.9513990159320402,63.14,0.0,1.579172784955392,0.7780184020408485
913256419,2019-10-24 09:31:00,39.35,0.8698995376538857,35.445,39.36,0.6796385844592018,4.1983044036988915
913323516,2019-10-24 09:53:00,6.404999999999999,0.969956097842855,6.39,6.47,0.10407712621335602,0.7556670510772613
913323457,2019-10-24 10:15:00,75.41,0.9626492306876925,74.22,75.99,1.7735652610652528,0.9856100089829247
913256363,2019-10-25 09:31:00,60.28,0.9824179808303118,60.55,61.0,1.0850486022657195,0.3974470385578492
913256396,2019-10-25 09:43:00,106.5,0.9486245742539083,105.585,108.46,1.7027320480356598,1.4897955278010053
913323558,2019-10-29 10:07:00,90.91,0.9716386858286991,90.65,91.915,1.988725449477887,0.6200856293633967
913257070,2019-10-29 12:21:00,95.1501,0.9476745751626545,94.7,97.9,2.120154730883184,1.5037512169353617
913255758,2019-10-30 09:36:00,123.98,0.9623335505234153,125.56,127.25,2.362656986326132,0.6911106351574192
913323524,2019-10-31 12:30:00,124.38,0.9093757987971484,120.57,126.35,2.989562766440227,1.9246137432987045
913323467,2019-11-01 11:21:00,204.11,0.9436053233151981,202.75,208.02,3.8236539344070155,1.3237956774395738
913256311,2019-11-04 12:33:00,83.76,0.9444000472297008,82.33,84.4,1.4712043134694925,1.3952993825612423
913254465,2019-11-05 09:37:00,166.95,0.9725593481637652,164.72,167.66,5.7291757205915985,0.49960510239765726
913256042,2019-11-05 10:31:00,28.100000000000005,0.9571000973137411,32.45,33.405,0.8239906635684937,1.1288627693829099
913256450,2019-11-05 10:42:00,37.56,0.9672408376779912,37.26,37.9099,0.8953223200443734,0.7177463968966961
913323444,2019-11-06 11:28:00,83.30999999999999,0.8890179188058567,82.275,85.12,1.3218069540613018,2.1456013172209736
913257525,2019-11-06 13:47:00,313.78,0.8947765531299838,326.08,343.9806,8.749800691141733,2.0424373053482467
913257501,2019-11-08 09:31:00,108.35,0.9535245078347225,104.05,108.38,3.4053385469154343,0.9653945207614193
913323461,2019-11-11 09:39:00,279.0,0.9399129037551841,269.02,280.72,7.401711949162464,1.483620916038609
913256965,2019-11-14 09:31:00,115.06,0.9810761061129513,115.5,116.26,1.980665798412019,0.3405252138868802
913255610,2019-11-14 09:31:00,117.46,0.969664611440253,118.01,120.25,3.114369409347361,0.4079373483250873
913256171,2019-11-14 11:50:00,100.39,0.931929447770915,104.88,111.04,3.0355102199904986,2.0109878140117985
913256773,2019-11-19 09:37:00,58.48,0.9748476464247924,59.0,59.65,1.222073138262779,0.4896903864054301
913257399,2019-11-19 10:00:00,170.585,0.9489301504914116,174.68,179.94,4.011660448133519,1.2588174339908234
913323368,2019-11-19 12:10:00,436.8,0.9367669451450737,445.135,454.31,7.123171662845297,1.2686997397141437
913256164,2019-11-20 12:59:00,213.375,0.9660952858276372,266.86,272.86,6.788407241225168,0.857680266484813
913256260,2019-11-21 09:31:00,68.36,0.9564885779119925,67.84,68.94,1.3308409244244461,0.6702000503813716
913257399,2019-11-21 09:31:00,175.79,0.9779859309520156,164.1056,177.15,4.063931712931452,0.5426233712715426
913257525,2019-11-21 09:31:00,342.99,0.9804386249857993,343.6,347.42,8.85347919426468,0.3814288916685604
913256281,2019-11-21 09:34:00,68.765,0.9542616573897769,76.6,79.17,1.830597000037905,1.3923983217055358
913254235,2019-11-22 10:18:00,29.6,0.9358479139069661,38.89,41.79,1.283769742835959,2.2336433634027677
913323516,2019-11-25 09:31:00,6.99,0.9589327252128701,6.815,7.0,0.1164077012244735,0.9912873526000432
913256396,2019-11-26 14:33:00,113.44,0.96964166232916,113.19,114.73,1.2461871022156747,1.225985787321143
913323930,2019-11-27 09:35:00,582.01,0.9914885174063511,581.7,586.99,17.834708627153532,0.15255996307581843
913255758,2019-11-27 09:43:00,137.58,0.9402751255514366,134.335,138.74,2.300251624435274,1.6979114668764386
913323444,2019-11-29 11:52:00,86.31,0.9770323691828338,86.05,86.49,1.086062157822609,0.3939036637691333
913256419,2019-11-29 12:55:00,35.81,0.9631362096661558,35.51,36.02,0.5998012187021736,0.8367154890730725
913323483,2019-12-02 09:32:00,138.79,0.9494060118312706,140.725,143.0,2.6870096743671392,0.7324929549793162
913256260,2019-12-02 10:06:00,67.42,0.8964035470926014,68.34,70.96,1.286809347425954,1.9983743374418808
913257501,2019-12-03 09:31:00,118.61,0.9359751318382976,116.2497,122.35,3.1409489858569937,1.8926604339186994
913256186,2019-12-03 09:31:00,253.8399,0.911008359160438,244.43,256.36,4.657959816901566,1.8098743832459412
913256714,2019-12-03 09:31:00,71.42,0.9619401493818058,70.44,71.6,1.1186820163031461,0.5981548463614089
913256773,2019-12-03 12:48:00,58.82999999999999,0.9235846790411694,58.535,60.28,1.0162674750427294,1.6894210981837214
913323680,2019-12-05 09:31:00,188.04,0.9830031080898234,186.88,188.605,3.7136268586324337,0.26375732032467336
913324581,2019-12-06 10:01:00,61.45,0.97269683143437,61.63,62.16,0.8426136272491269,0.6022764322965387
913323573,2019-12-10 09:31:00,259.75,0.9702072653416235,251.42,260.84,8.434321790772762,0.5602571755777308
913255699,2019-12-11 09:45:00,119.29,0.9425123284941642,147.0,152.515,4.054939322237899,1.3434960424628597
913256965,2019-12-12 09:34:00,117.04,0.909302566159922,113.185,118.67,1.6060889885287315,3.403368625753343
913323467,2019-12-13 09:32:00,227.98310000000004,0.9426738325059757,219.55,228.82,5.251891666330098,1.6472299950913598
913256042,2019-12-13 09:47:00,31.99,0.9919838642784456,31.71,0.0,0.6705631748780752,0.17906375899316102
913256042,2019-12-13 11:13:00,31.71,0.9919838642784456,31.455,0.0,0.6705631748780752,0.17906375899316102
913256042,2019-12-17 09:31:00,31.8,0.987319066945824,31.695,32.0,0.6575172273183402,0.2877755767087105
913256858,2019-12-17 09:32:00,254.06000000000003,0.9704335719707274,254.93,257.44,5.270752327861348,0.46592516346960594
913256878,2019-12-19 09:31:00,94.93,0.9246354143839922,90.91,96.79,2.0540571134999763,2.4496805833026194
913256365,2019-12-19 09:46:00,256.51,0.9378184046133434,265.03,274.63,5.0606345928799765,1.8622976008692664
950052670,2019-12-20 09:48:00,71.78,0.9625902484700548,73.38,75.06,2.1639878545602795,0.7544366221818389
913324169,2019-12-24 09:31:00,57.85,0.9758796415073606,61.43,62.7,1.1236272019019193,0.5611863665477922
913256450,2019-12-24 09:31:00,36.93,0.9754072550701258,36.94,37.43,0.689205861154409,0.5268879335616542
913323483,2019-12-24 09:41:00,139.775,0.9578446973149742,139.01,141.27,2.680126533660143,0.8166355829124067
913257399,2019-12-24 09:47:00,178.4,0.9735005792359485,176.69,179.24,3.780297035566142,0.6378707287887583
913256714,2019-12-26 11:14:00,72.0,0.9468892037640346,73.0,74.093,0.926054350737111,1.1510275256490043
913323573,2019-12-26 11:21:00,250.71,0.9417770165972452,249.4,257.64,6.876322599850045,1.1982949032803725
913323916,2019-12-26 12:13:00,97.52,0.9622528349960406,98.029,99.5573,2.098517744414936,0.7224602033759747
913255610,2019-12-30 09:35:00,114.49,0.9671997806966504,127.44,129.5,2.5064029115358455,0.7748934219362114
913323680,2019-12-30 09:44:00,191.15,0.9568040803120988,192.26,194.52,2.7097785663007756,0.7834956611111697
913256616,2019-12-30 09:49:00,225.5,0.9374876926689818,215.48,232.0,6.528215482661776,2.478123533236241
913256164,2019-12-31 09:31:00,276.92,0.977765107232218,275.17,279.9,5.6463872572812015,0.6876521195631314
913323558,2019-12-31 09:31:00,121.71,0.9659870579023213,119.4551,121.93,2.427319094525268,0.8221339430412407
913256186,2020-01-03 09:31:00,255.7353,0.9734100508763124,254.19,259.75,3.9473447605810743,1.0133630257534314
913255699,2020-01-03 09:31:00,150.9,0.9755019545861329,149.4899,153.4143,3.3828608654125083,0.5289744453399198
913254465,2020-01-03 09:31:00,166.31,0.9625887910438615,165.275,168.72,3.888088331103337,0.8431988725044443
913324101,2020-01-06 09:31:00,49.99,0.9353096088599471,62.94,65.98,1.8641535227535733,1.5192759789537569
913256422,2020-01-06 09:38:00,108.73000000000002,0.9571328762140091,107.97,111.15,2.313785879190598,1.321606372101305
913256187,2020-01-13 09:31:00,160.05,0.9773666178144096,190.85,193.34,3.16265052030292,0.5950451986619946
913257106,2020-01-13 09:31:00,114.2,0.9257733523639287,119.89,122.62,1.832244332636624,1.3984357939057326
913255758,2020-01-17 09:31:00,141.21,0.9364063305143455,141.365,146.05,2.0547670524903823,1.7002569447933205
913256281,2020-01-17 11:44:00,89.4,0.96848612192422,88.51,89.915,2.018121232840222,0.6406570875929034
913256171,2020-01-22 11:41:00,113.69000000000001,0.9465960810592459,111.03,114.5,2.901285424512966,1.1616721152032052
913256187,2020-01-22 14:02:00,194.27,0.9822545800053554,196.07,197.52,3.0822576391497214,0.4546752284494619
913256858,2020-01-23 11:09:00,254.61,0.9558950558634983,283.45,291.48,5.237760890809231,1.510383607395783
913324210,2020-01-24 13:50:00,162.96,0.9767651505648163,164.25,165.29,2.08951468133481,0.48356195838653476
913323680,2020-01-24 14:18:00,213.48,0.9387404648537563,212.72,216.92,2.9821946107239965,1.3948560899107512
913255699,2020-01-24 14:20:00,160.37,0.9784724059462497,156.841,0.0,3.4976421664433035,0.4407493800220393
913256955,2020-01-24 14:21:00,99.09,0.9238069013166763,106.6,112.4703,2.1652671850191365,2.7109189444991477
913323467,2020-01-27 09:31:00,230.08999999999997,0.9227714642417508,232.8876,247.51,4.245917029628201,2.240472506915852
913256260,2020-01-27 09:31:00,73.3935,0.9392575593968991,71.86,76.31,1.3513017869776924,1.3215536715087184
913324101,2020-01-27 09:31:00,67.81,0.9128826662464147,65.33,72.0,2.154148833574537,2.9498998252383064
913254465,2020-01-27 09:31:00,180.375,0.9610781069326438,181.2448,188.285,3.7465793490466743,0.9336978972060901
913257501,2020-01-27 09:31:00,116.88,0.9312028870121147,112.2,118.655,3.298811605191886,1.670907956902653
913255699,2020-01-27 09:31:00,156.73,0.9740660524589002,151.37,160.98,3.574239154554496,0.5446903895730404
913256187,2020-01-28 09:40:00,195.13,0.9842973351430655,195.675,197.15,3.4848159733380677,0.4119487187842727
913256396,2020-01-28 09:43:00,128.75,0.9447344141492586,126.28,129.26,2.0624409680855047,1.401522364151617
913323368,2020-01-29 10:01:00,442.81380000000007,0.8838907077555461,425.72,443.855,6.385984625070555,2.797505714949431
913323930,2020-01-30 09:31:00,641.23,0.9770683083589644,656.6756,681.0,19.097365102378436,0.4982873310278834
913256363,2020-01-30 09:31:00,61.809999999999995,0.9868680149244201,62.04,63.38,0.8882820054873986,0.24945421165444945
913257070,2020-01-31 09:31:00,102.07,0.9244842056329008,108.66,114.13,1.7770631006070032,2.178855702758647
913257106,2020-01-31 11:08:00,117.56000000000002,0.8605809087431895,112.665,118.62,1.7320136595258373,3.437418737785862
913256965,2020-02-03 09:32:00,113.36,0.9107427139158072,111.02,115.45,1.771649375804159,2.4548982214672304
913324581,2020-02-04 09:32:00,68.92,0.9646520303439203,69.02,69.8,0.8116221624733495,0.7804698449751273
913257170,2020-02-07 09:36:00,21.15,0.9594401497062436,20.87,21.46,0.5380340210301497,1.049195016000076
913256311,2020-02-12 09:49:00,87.52,0.9692932406640954,101.84,104.1,1.730865124696056,1.2233071167808127
913256773,2020-02-12 09:56:00,67.34,0.9652066063171985,68.89,69.74,0.9759385936365929,0.8498525698721514
913255758,2020-02-18 10:06:00,138.29,0.9457110210908031,135.01,138.29,2.456152348227665,1.2839319779002607
913256407,2020-02-19 10:39:00,88.93,0.9865573074821032,90.7,91.17,1.4849875499479492,0.2704506017849797
913323573,2020-02-20 09:31:00,300.55,0.9660240922703165,295.22,300.95,6.324054251955365,0.7754209630522904
913323483,2020-02-20 11:32:00,151.09,0.8860726957732493,153.8,166.85,2.8597880190740965,4.517404642246405
913256616,2020-02-21 09:44:00,293.38,0.9488118495827376,292.1452,306.71,10.58222405469888,1.1987980780775633
913256450,2020-02-21 09:48:00,38.2,0.9412091102719112,38.525,39.305,0.7253459453868478,1.0477516113343235
913256186,2020-02-21 13:31:00,285.01,0.9186367405819309,286.14,299.06,5.2179771082694355,2.4757986447461433
913257106,2020-02-21 13:55:00,121.26,0.9550207757346695,122.15,124.16,1.6613194019694788,1.2078727778196314
950052670,2020-02-24 09:31:00,88.37,0.8560764517885232,80.58,92.55,2.437240669342207,4.561533795564976
913256164,2020-02-24 09:31:00,276.48,0.9221355673748948,241.69,277.24,8.686772412219588,2.4815368017363966
913256281,2020-02-24 09:35:00,88.09,0.9323535781823878,92.83,95.6377,2.0245920475590315,1.3432907630535647
913257525,2020-02-24 09:46:00,395.7675,0.9445798018851814,393.1096,404.535,9.820703507607869,1.1403061649902604
913323444,2020-02-24 11:51:00,88.67,0.8895205297632913,87.31,90.535,1.110999940718641,2.8806818020829934
913256878,2020-02-24 12:10:00,79.83,0.9724512426809632,77.58,0.0,2.0096057211875,0.5921582980777255
913256363,2020-02-24 13:04:00,69.3,0.9265671270866349,68.12,70.2887,1.324636447116373,1.632945532594479
913256878,2020-02-25 09:36:00,77.62,0.9771478835120584,79.26,80.28,2.113919598245536,0.4775331543975352
913323467,2020-02-26 13:39:00,249.18,0.9212786951949622,238.08,250.4478,6.5705126367195765,1.8709742385957102
913324581,2020-02-26 15:55:00,71.81,0.8999100339352233,68.408,72.12,0.9037448699593744,4.063456063994141
913324039,2020-02-27 09:31:00,116.25999999999999,0.9575480580675009,112.23,117.38,3.4923138373893208,0.8782269267234362
913323916,2020-03-26 09:34:00,78.09,0.9542649867886279,74.08,78.28,5.088909820636355,1.01731461945262
913323558,2020-04-01 10:02:00,90.58,0.9437548960427348,85.19,94.2838,7.088633956985962,1.611953403461702
913257106,2020-04-01 15:40:00,87.529,0.920176384623055,80.36,88.79,6.866889509423297,2.882736880186058
913256396,2020-04-06 09:33:00,141.96,0.9673208332474393,140.03,145.9,8.811209307692307,0.6648471066113083
913256164,2020-04-07 09:39:00,191.49,0.9683374839317673,183.15,0.0,17.313487286386838,0.6774326204835845
913256164,2020-04-07 14:45:00,182.63240000000002,0.9683374839317673,176.705,0.0,17.313487286386838,0.6774326204835845
913257501,2020-04-08 09:38:00,111.92,0.9461069401186727,119.98,128.0,7.410834436034821,1.0605527733812625
913256164,2020-04-13 09:35:00,177.84999999999997,0.9662329674748193,185.02,197.8,15.913743632509751,0.7224596200817471
913323524,2020-04-13 09:52:00,119.4,0.9882563624329073,118.24,119.4,5.728712955729296,0.1927301194943876
913323524,2020-04-14 15:21:00,124.92499999999998,0.9847454525271985,123.015,0.0,5.540947744605774,0.25615392313437757
913323524,2020-04-15 09:31:00,123.21000000000001,0.9773380349383735,123.2018,125.66,5.549451477133934,0.39192548564991464
913256042,2020-04-15 09:49:00,28.11,0.9624139390137575,27.565,28.675,1.3030207770553688,0.8433015838033028
913323368,2020-04-17 10:29:00,379.62,0.9785057034115553,371.33,0.0,19.540425089137354,0.46266616683588474
913323368,2020-04-20 09:31:00,373.49,0.9785693574121173,367.09,385.545,19.560394725627543,0.46129601023072975
913324210,2020-04-20 14:22:00,146.82,0.9692111270120431,148.77,154.03,7.032145602574446,0.7374665158118768
913256260,2020-04-21 09:31:00,65.525,0.9588080106992878,76.345,80.46,3.3047572598960495,1.1113524834937105
913324581,2020-04-21 09:31:00,63.151,0.9640122895064958,63.4,67.44,3.3662688120805795,0.7458140240761835
913256773,2020-04-21 09:31:00,62.295,0.9628326973065832,60.21,63.13,2.6519670117461502,0.8460069566427117
913323483,2020-04-21 09:36:00,127.00499999999998,0.9550953502344248,148.78,156.09,6.0979733326825,1.155639158401222
913323930,2020-04-21 10:50:00,594.36,0.9630949119270081,569.65,0.0,38.6526704187911,0.9723238137550088
913256965,2020-04-21 10:55:00,98.39,0.9505558258713497,101.84,108.4,3.9951107120491107,1.6125964927625611
913323930,2020-04-24 09:56:00,568.6,0.9637980702222761,577.16,615.0,38.63688480688194,0.9537979792148967
913256858,2020-04-28 09:36:00,269.45,0.9644568181066164,269.94,278.85,11.645925296278667,0.7627538898362347
913256419,2020-04-28 10:31:00,37.23,0.9610071993261188,39.045,40.36,1.2688245676864827,1.024015201787745
950052670,2020-04-29 09:33:00,97.1782,0.9246867534898368,101.33,111.32,5.7450380112788135,1.6621189084653083
913256714,2020-04-29 09:34:00,68.38,0.9450757150882078,70.19,74.88,2.758371797923374,1.5277826251497397
913256616,2020-04-29 09:35:00,339.09,0.9855589183816256,328.3604,0.0,17.629864758221363,0.2815629314004591
913256450,2020-04-30 09:31:00,31.85,0.9609206518710433,36.49,37.97,1.4364122741720753,0.9454546356389144
913256616,2020-04-30 11:54:00,335.05,0.9858182477121464,339.94,346.21,18.70487441834841,0.27576053406447143
913257399,2020-05-01 09:31:00,156.42,0.9168865700931995,156.28,177.17,8.601757540499243,1.8168409210811092
913323467,2020-05-01 09:31:00,228.95000000000002,0.974086494504255,217.81,231.55,10.157742412602872,0.5035323518933126
913256186,2020-05-04 09:31:00,248.46000000000004,0.9669928079211201,254.85,268.33,10.707708867674826,1.089788576947979
913256171,2020-05-05 10:59:00,96.49,0.9039371129642212,98.27,111.99,3.8627083582616226,3.5280410424930007
913257070,2020-05-06 09:34:00,98.635,0.9644972627844599,115.0347,120.19,4.113424171087177,1.1431035320769387
913256164,2020-05-08 14:11:00,216.59,0.9737648508472274,210.836,0.0,12.915356895924171,0.43215240682180894
913323457,2020-05-11 09:31:00,68.87,0.9818903956936951,68.9063,69.79,2.015470276459899,0.42397786541360677
913323573,2020-05-11 09:31:00,225.32,0.989176608511282,227.13,230.31,10.67113589496286,0.21702818587636646
913256164,2020-05-11 09:31:00,210.78,0.9759898925046028,207.805,217.66,12.75283140335816,0.3891524566618186
913255699,2020-05-12 09:35:00,152.12,0.9842785945040579,158.85,161.22,7.041373756153224,0.26988054248374993
913323573,2020-05-12 09:45:00,227.81,0.9903594303882061,225.0,0.0,10.47390475960837,0.1913601562687684
913323573,2020-05-12 09:50:00,224.0,0.9903594303882061,221.11,0.0,10.47390475960837,0.1913601562687684
913256164,2020-05-12 15:30:00,216.35,0.9716334068491214,209.95,0.0,12.643343445975434,0.46962664397064746
913257170,2020-05-13 09:31:00,21.67,0.9690430392690123,21.5,22.26,1.057157025387935,0.6016077155213867
913256164,2020-05-13 09:31:00,209.99,0.9635652139057692,204.845,216.64,12.468818914120046,0.6194522291769136
913323467,2020-05-13 11:47:00,247.86999999999998,0.9241111466408771,231.89,248.7,9.278795938494087,1.758280233030104
913256955,2020-05-14 09:42:00,83.57,0.9801866726178167,81.905,0.0,4.270879270243831,0.33531174843159495
913256955,2020-05-15 09:31:00,83.11,0.9800784318646789,82.53,85.93,4.311180750940701,0.3371435657475916
913256422,2020-05-19 09:31:00,65.255,0.9928934268216979,78.05,80.46,5.239814690767004,0.11630606591093393
913256396,2020-05-19 09:59:00,144.34,0.8838741238851829,139.34,155.09,5.389956794703475,2.8902185746177143
913257501,2020-05-21 09:33:00,123.43,0.9492847266666968,154.705,168.1,6.872693484910646,1.9197539851888095
913257399,2020-05-21 09:55:00,172.76,0.9670898707681511,174.79,180.21,8.704270270235442,0.6036854532563006
913256311,2020-05-22 09:33:00,82.06,0.9513469078260783,86.65,89.635,3.1209175660912085,0.8752368364965163
913256858,2020-05-27 09:31:00,298.48,0.9640797820881812,291.995,302.61,9.761940398945546,1.0594747828530298
950052670,2020-05-27 09:38:00,121.42,0.9233654576641652,120.82,136.29,6.219110300242407,2.304812250740129
913256187,2020-05-27 09:49:00,179.72,0.9596978986047767,195.72,203.83,7.319138145864305,1.086906690723162
913323516,2020-05-28 15:49:00,5.685,0.9606772712109874,5.65,5.835,0.24836232551686532,0.740165439645044
913323312,2020-05-29 09:31:00,21.12,0.9411526693389445,20.575,21.9,0.7567039587413795,1.4216124415607254
913256365,2020-05-29 12:53:00,250.24,0.9786989324306629,244.86,0.0,9.163429921363251,0.3905747855227247
913256365,2020-06-01 09:34:00,244.77999999999997,0.9792430162168022,247.78,251.5,9.12532778412302,0.38059850581815013
913255758,2020-06-01 09:38:00,110.155,0.9778407141508937,109.79,111.5,4.195991270692673,0.38745796582307884
913256878,2020-06-02 11:04:00,86.125,0.946677016619208,99.37,104.81,3.238885485184257,1.6065256736482458
913323916,2020-06-08 10:17:00,84.54,0.9699625372358215,95.68,98.17,3.0242377908044245,0.7968307651648076
913255610,2020-06-09 09:31:00,103.065,0.9335500483592266,110.95,118.8,5.587456837151288,1.3309943372748254
913257106,2020-06-09 09:31:00,102.4,0.9860593828259651,102.205,104.05,4.026961466389403,0.22827468462047187
913255273,2020-06-09 09:31:00,41.045,0.959059203370104,40.94,41.955,1.3532991677849002,0.6674810699345041
913324169,2020-06-09 09:32:00,60.83,0.9591989956588833,60.51,61.765,1.7768043998495846,0.6850579902958949
913323444,2020-06-09 12:05:00,72.08,0.9500771304356743,77.855,80.625,2.369391154041167,1.1659627876715906
913257106,2020-06-10 10:15:00,101.48,0.9788367284265491,99.33,0.0,3.897892790218731,0.3621187429674682
913256714,2020-06-10 10:53:00,73.79,0.9535100327298478,70.895,73.835,2.0630032086420074,1.409435168393802
913255758,2020-06-10 13:01:00,124.3,0.9814519437678797,121.98,0.0,4.179712746015071,0.3288755647796172
913256164,2020-06-10 14:53:00,281.31,0.9527461470464376,268.01,0.0,12.198463543923651,1.1297507645496037
913323516,2020-06-11 09:31:00,6.325,0.0,6.05,0.0,0.0,0.0
913323312,2020-06-11 09:31:00,22.42,0.0,21.84,0.0,0.0,0.0
913255273,2020-06-11 09:31:00,40.61,0.0,39.22,0.0,0.0,0.0
913256422,2020-06-11 09:31:00,88.35,0.0,81.11,0.0,0.0,0.0
913323444,2020-06-11 09:31:00,78.01,0.0,75.54,0.0,0.0,0.0
913324100,2020-06-11 09:31:00,43.54,0.0,42.8,0.0,0.0,0.0
913323558,2020-06-11 09:31:00,110.26,0.925223624293241,126.17,138.22,4.778054653216989,2.2375913926807414
913323457,2020-06-11 09:31:00,74.21,0.9414886437125585,75.25,79.48,1.9439295181848495,1.6017196309880595
913256311,2020-06-11 09:31:00,89.18,0.9581212230111599,87.2125,89.84,2.6502924345185686,0.877951835040763
913323916,2020-06-11 09:31:00,96.14499999999998,0.9654868341639681,93.16,96.19,2.7593551116608306,0.9502408090775958
913324169,2020-06-11 09:34:00,60.86,0.921927039432285,58.6,61.33,1.692550732523366,1.5307923947405984
913256042,2020-06-11 09:41:00,29.48,0.920551398699332,31.6019,34.0,0.9051494910119964,2.637434064662505
913256858,2020-06-11 11:10:00,318.23,0.9673249753344954,307.83,0.0,9.948071215985648,0.9130521213483519
913255758,2020-06-11 11:14:00,118.29,0.9725153825264589,114.915,0.0,4.09830469272828,0.5162048766362493
913324210,2020-06-11 11:49:00,169.18,0.9506522411315402,166.42,171.91,4.489243421255671,1.2109905803414542
913323930,2020-06-11 12:18:00,851.35,0.9659114060857239,863.92,892.94,32.42274960224408,0.8778965987896838
913256281,2020-06-11 13:00:00,106.83,0.9487067324628524,104.741,108.55,4.126844887349258,0.9228976765832645
913323680,2020-06-11 13:39:00,196.07,0.9156050862743194,206.45,221.3,6.212282234068862,2.369631731798319
913256260,2020-06-11 14:42:00,92.19,0.9323214114900158,88.79,94.16,2.686720370353903,1.9871019311824618
913256858,2020-06-11 14:42:00,308.27,0.9673249753344954,298.12,0.0,9.948071215985648,0.9130521213483519
913255758,2020-06-11 14:58:00,115.01,0.9725153825264589,111.81,0.0,4.09830469272828,0.5162048766362493
913256714,2020-06-12 09:31:00,70.6,0.944434101033087,67.655,71.49,2.2123343992882614,1.7056429889438285
913323368,2020-06-12 10:15:00,424.49,0.9497583201179421,406.48,425.46,10.778361649088486,1.7044425560816603
913257106,2020-06-12 11:03:00,96.26,0.9491158733098709,92.68,96.835,4.057392252790642,0.979191471754641
913324581,2020-06-12 13:24:00,65.46,0.9299290903826527,63.26,67.46,1.841220691104768,2.268039586395525
913256858,2020-06-15 09:31:00,305.75,0.9671238850561218,296.62,311.6465,11.372882834191707,0.9186712725848414
913255758,2020-06-15 09:35:00,114.68,0.9341326472419433,109.19,116.02,4.666701495260608,1.440446942112855
913256171,2020-06-18 09:31:00,109.46,0.9746016914623696,114.35,116.8,4.226291846283381,0.5283125572015409
913256363,2020-06-18 09:36:00,53.8,0.9434560533300972,54.19,57.05,2.121175049169315,1.3218928967243524
913256450,2020-06-19 12:25:00,39.83,0.9386650224207397,41.35,43.2,1.158648513808771,1.5938463411825703
913256407,2020-06-22 09:31:00,97.91,0.8965736273450053,88.84,98.0,3.185401061109584,2.5975782965413297
913323467,2020-06-22 09:31:00,318.5,0.9358285598345562,297.51,324.75,11.267998808755259,2.2749864935837647
913256042,2020-06-23 11:44:00,31.3,0.9529793176902543,32.515,33.7,0.8673368283305657,1.3624848521494806
913255610,2020-06-24 11:13:00,117.72009999999999,0.9742233439228265,114.66,0.0,5.090193189380724,0.43933525762176046
913323524,2020-06-24 11:16:00,134.5,0.9578765098407662,138.835,145.42,4.628399065778226,1.3368048592412718
913256773,2020-06-24 15:52:00,69.41,0.9161614540235548,68.165,73.43,1.6744767058323609,3.132231117490751
913255610,2020-06-25 09:31:00,114.73,0.9807395148666772,112.395,118.88,5.249465104424958,0.3159660961496365
913256955,2020-06-25 09:33:00,103.54,0.9391723165437293,100.24,105.56,3.961324471125073,1.3268580091836348
913256365,2020-06-26 10:50:00,269.24,0.9501508496495806,257.68,269.99,9.157320454328795,1.3167624594579448
913256186,2020-06-29 09:40:00,287.25,0.9625658151274403,280.12,289.14,8.861309250341451,0.9974770565389827
913323680,2020-07-13 10:50:00,211.635,0.9669810842518503,208.79,212.22,5.1750214601850235,0.633231304911268
950052670,2020-07-13 14:09:00,144.69,0.9311360622948782,200.6,217.0,9.497774876658665,1.6852055151697478
913257070,2020-07-13 15:33:00,127.19499999999998,0.9452032999417344,136.08,141.25,3.315928940439402,1.5037366023797694
913256281,2020-07-13 15:33:00,126.61,0.9762777502210339,125.21,127.405,4.130958395774432,0.4916984691167207
913256858,2020-07-14 09:31:00,340.57,0.9351668039928044,331.63,345.4,9.361534345168021,1.3364447162041928
913256419,2020-07-21 09:57:00,47.19,0.9295454156511558,57.81,61.06,1.6425000967349226,1.954318627294142
913256965,2020-07-23 09:31:00,128.98,0.9532968966022848,122.2,130.6461,3.463624110632554,1.06019896915195
913256164,2020-07-23 09:32:00,247.365,0.9329748504534073,306.56,326.24,12.067992305844045,1.6166308234657705
913324072,2020-07-23 10:23:00,89.235,0.9649645496435003,88.13,90.96,4.077022924807662,0.6848541750649599
913255610,2020-07-23 13:49:00,121.21200000000002,0.9754331105931078,118.22,0.0,4.048000655432374,0.350058785320097
913324169,2020-07-23 14:14:00,68.965,0.9331640099927073,67.02,69.53,1.9639589364316674,1.2670228590665655
913257399,2020-07-24 09:31:00,189.37,0.9428525253894241,194.24,209.3,5.946964942400528,1.0639785742497074
913323483,2020-07-24 09:31:00,190.03,0.9490602243439159,195.08,204.88,5.633207662287413,1.2074818380268297
913255610,2020-07-24 09:31:00,117.9,0.9729366576827266,116.36,121.6699,4.070279180044347,0.3943327366939691
913324101,2020-07-29 09:31:00,43.27,0.9815813348971532,42.07,43.83,1.7351709321828013,0.3046142171219936
913256186,2020-07-30 09:31:00,298.71,0.9798832222443319,300.38,308.33,8.378017911557576,0.3592991562283762
913256042,2020-07-30 09:33:00,34.76,0.9536674742154151,34.905,35.87,0.7685280577627013,0.8984149008121995
913323368,2020-07-31 09:31:00,483.99,0.9495786794770469,479.11,487.95,11.193571623004757,0.7602637193897712
913256363,2020-08-03 09:31:00,68.6,0.9723166792864033,67.19,69.0,1.8531368636803418,0.4961481701102394
913323457,2020-08-04 10:24:00,83.83,0.9643798584774994,84.57,86.18,1.8491239968968605,0.8461339850086456
913323524,2020-08-05 09:33:00,163.22,0.9461585298133034,174.31,180.61,5.059996890522894,1.2265621510205305
913323916,2020-08-05 09:37:00,105.62,0.9730676851231218,106.34,108.14,3.3991385930060516,0.47886128735840394
913257399,2020-08-07 09:32:00,203.99,0.9862294168346477,202.66,203.99,5.988537799649098,0.22107168588090392
913256260,2020-08-07 11:22:00,105.23,0.9553667794863753,109.68,112.32,2.6439908800477134,0.9926062680457253
913255699,2020-08-07 12:08:00,197.78,0.943395372531158,206.645,217.36,6.100959738442962,1.7179937042406692
913323558,2020-08-07 13:11:00,145.37,0.9750779456216065,143.41,145.37,3.9602970015657513,0.4826572932413765
913256186,2020-08-10 09:31:00,312.27,0.9667766802334257,310.655,318.0,7.993719702170941,0.62344384190211
913324169,2020-08-12 09:31:00,69.15,0.9598694506160942,69.2,70.69,1.6090770524595124,0.9018866472551463
913256422,2020-08-13 09:40:00,88.28,0.9525849551847217,86.22,88.99,3.58589204070782,0.7578461986293575
913323457,2020-08-13 14:51:00,86.9,0.9337972708256933,88.36,91.3,1.6778946084971291,1.6821765109529074
913256858,2020-08-14 10:15:00,395.71,0.9633010012857748,381.23,395.71,9.973516234122801,1.4515784711609607
913256407,2020-08-18 09:33:00,97.48,0.959005881525716,100.28,101.8826,2.224904796149005,0.7188448717265794
913257106,2020-08-19 09:31:00,96.29999999999998,0.9524855381332792,90.37,96.97,2.6190527861189037,0.9394933019909351
913323368,2020-08-20 09:31:00,468.53,0.9523661161352752,462.51,477.22,9.406808981294203,0.9258999266422393
913255610,2020-08-20 09:31:00,122.31500000000001,0.9354090860047234,121.295,126.2,3.1546775808401697,1.356354795564658
913323916,2020-08-20 09:36:00,107.57,0.8763839606508115,100.75,109.14,2.644640943917391,3.141237029099719
913256714,2020-08-20 11:13:00,73.7,0.9220466172550558,71.8,73.79,1.303473925677275,1.4828389325524898
913324039,2020-08-21 09:32:00,117.19,0.9437026147871308,116.57,119.57,2.3244533987600047,1.2461860894296835
913324581,2020-08-26 09:31:00,67.81,0.9101099050226317,67.98,72.995,1.2917126045646534,3.266617967383894
913324210,2020-08-26 09:31:00,189.23,0.9331634905558699,184.96,192.4,2.8885513296067926,2.372350602586259
913323444,2020-08-26 09:31:00,75.86,0.9812636669002626,75.47,76.19,1.2588510962833817,0.299285249812254
913256365,2020-08-26 09:32:00,300.66,0.9724216606791668,323.08,327.76,6.316403759626857,0.7220023361210147
913323483,2020-09-02 10:08:00,221.06000000000003,0.9641961905959526,223.33,226.21,5.221275268374858,0.49824724138244203
913256955,2020-09-03 09:35:00,113.11,0.9415862787947914,111.87,115.105,3.0660002422718717,1.0004639151304284
913256311,2020-09-03 09:53:00,99.09,0.9807405312787172,103.74,105.03,1.5221762992700794,0.6905494678246181
913256450,2020-09-03 10:06:00,47.98,0.9345898215890635,48.19,49.855,0.787073856712241,2.0431022938793197
913256965,2020-09-03 10:20:00,123.37400000000001,0.9309722021896036,126.755,130.98,2.4599731610396964,1.6789637135059055
913323524,2020-09-03 10:49:00,172.0,0.9082081103421247,166.41,177.53,4.08426435989426,2.6215826258511306
913256773,2020-09-03 11:19:00,77.66,0.9410945804898779,84.02,87.05,1.5337029736745822,1.8363002078333865
913323483,2020-09-03 11:20:00,224.975,0.9565773376378643,214.865,0.0,5.334041320633798,0.6409384862193391
913256042,2020-09-03 11:59:00,35.14,0.915351924160446,33.77,35.41,0.7210167949782336,2.2635984283537436
913257399,2020-09-03 15:51:00,212.91,0.9425103585870757,200.58,0.0,5.649500399202619,0.8992322982936913
913323483,2020-09-04 09:31:00,214.22499999999997,0.9397922388998826,212.4,226.76,6.138752654874242,0.9485301530918009
913256363,2020-09-04 10:38:00,67.32,0.932712205084343,66.2,68.99,1.393456643057742,1.878242969737802
913323444,2020-09-04 10:44:00,78.0964,0.906402995739097,75.36,78.28,1.3698813160181686,2.016131197526231
913257170,2020-09-04 11:28:00,23.825,0.8864505768865072,22.36,23.85,0.5921308214757919,2.4970939506926864
913323573,2020-09-08 09:31:00,238.95000000000002,0.9536925015363079,234.76,244.0,8.918035045397675,0.8340395892881982
913256955,2020-09-08 09:31:00,108.83999999999999,0.9388353240342935,105.015,109.7,3.4327757191017674,1.0875254109405825
913255758,2020-09-17 09:31:00,113.87000000000002,0.9407584120804523,112.17,116.65,3.065825952868006,1.1387654536114522
913256422,2020-09-18 09:47:00,102.76,0.9173295583031819,95.6,104.05,3.5575725382848367,2.346679718793969
913256164,2020-09-18 12:34:00,321.2,0.9675566303425245,322.13,329.26,12.007352668670464,0.5745167521427571
913324101,2020-09-21 10:33:00,38.76,0.9177975106511503,35.7,39.39,1.4930703500594118,2.464452617643821
913256281,2020-09-24 09:41:00,77.84,0.9844259400077277,76.5,0.0,3.3534711892598574,0.3331205885325752
913256281,2020-09-24 11:00:00,76.7,0.9844259400077277,75.5,0.0,3.3534711892598574,0.3331205885325752
913256281,2020-09-29 09:32:00,76.305,0.9860961041289499,77.95,79.21,3.165938849418334,0.293681322499395
913257501,2020-09-29 10:35:00,179.35,0.9808469845053247,188.2,190.7,5.67207913476242,0.37770526661001813
